Div,Date,HomeTeam,AwayTeam,FTHG,FTAG,FTR,HTHG,HTAG,HTR,Referee,HS,AS,HST,AST,HF,AF,HC,AC,HY,AY,HR,AR,B365H,B365D,B365A,BWH,BWD,BWA,GBH,GBD,GBA,IWH,IWD,IWA,LBH,LBD,LBA,SBH,SBD,SBA,WHH,WHD,WHA,SJH,SJD,SJA,VCH,VCD,VCA,BSH,BSD,BSA,Bb1X2,BbMxH,BbAvH,BbMxD,BbAvD,BbMxA,BbAvA,BbOU,BbMx>2.5,BbAv>2.5,BbMx<2.5,BbAv<2.5,BbAH,BbAHh,BbMxAHH,BbAvAHH,BbMxAHA,BbAvAHA
E1,09/08/08,Birmingham,Sheffield United,1,0,H,0,0,D,K Stroud,8,6,5,4,10,22,6,6,2,1,0,0,1.91,3.3,4.2,1.85,3.25,3.8,2,3.2,3.75,1.85,3.2,3.5,1.91,3.2,3.5,2,3.25,3.4,2,3.1,3.3,1.91,3.4,3.5,1.9,3.25,3.6,1.91,3.2,3.75,38,2.07,1.95,3.4,3.25,4.2,3.68,32,2.13,2.01,1.8,1.73,21,-0.5,2.09,2.04,1.89,1.83
E1,09/08/08,Blackpool,Bristol City,0,1,A,0,0,D,G Laws,19,12,7,9,15,13,4,4,1,3,0,0,2.5,3.3,2.75,2.4,3.2,2.6,2.5,3.2,2.75,2.5,3,2.5,2.5,3.2,2.5,2.4,3.2,2.7,2.5,3.1,2.5,2.5,3.2,2.6,2.4,3.2,2.6,2.4,3.25,2.62,37,2.59,2.45,3.31,3.21,2.91,2.66,29,2.2,2.05,1.8,1.7,19,0,1.86,1.8,2.08,2
E1,09/08/08,Cardiff,Southampton,2,1,H,1,1,D,S Mathieson,13,6,6,4,11,13,8,5,1,0,0,0,2,3.3,3.75,1.9,3.25,3.65,1.95,3.25,3.75,1.9,3.2,3.4,1.91,3.2,3.5,2,3.25,3.4,1.95,3.1,3.5,1.83,3.25,4,1.9,3.25,3.6,2,3.25,3.4,37,2.05,1.95,3.4,3.26,4.26,3.63,29,1.97,1.87,1.95,1.85,19,-0.5,2.03,2,1.94,1.88
E1,09/08/08,Charlton,Swansea,2,0,H,1,0,H,R Beeby,7,16,7,11,19,13,7,3,0,2,0,1,2.1,3.3,3.4,2.15,3.2,3.05,2.25,3.2,3.2,1.85,3.2,3.5,2.1,3.2,3.6,2.1,3.1,3.3,2,3.3,3.75,2.2,3.2,3.5,2,3.2,3.5,1.9,3.25,3.8,29,2.25,2.04,3.4,3.24,4,3.59,21,2.08,1.97,1.86,1.8,17,-0.25,1.92,1.89,2.02,1.98
E1,09/08/08,Coventry,Norwich,2,0,H,0,0,D,C Webster,8,17,4,12,12,8,3,7,1,2,0,0,2.3,3.25,3.2,2.2,3.2,2.95,2.3,3.2,3,2.2,3.1,2.8,2.2,3.2,2.8,2.2,3.2,3,2.25,3.2,2.75,2.2,3.4,2.88,2.2,3.2,3,2.2,3.2,3,38,2.38,2.24,3.4,3.21,3.23,2.96,30,2.27,2.06,1.73,1.68,20,0,1.8,1.66,2.26,2.16
E1,09/08/08,Crystal Palace,Watford,0,0,D,0,0,D,M Jones,8,6,3,4,11,11,2,7,2,1,0,0,1.91,3.4,4,2.1,3.2,3.1,2,3.25,3.5,2,3.2,3.1,1.83,3.2,3.75,2.05,3.25,3.25,1.91,3.2,3.5,1.91,3.5,3.4,2,3.2,3.4,1.91,3.2,3.75,37,2.1,1.97,3.4,3.25,4.16,3.58,29,2.28,2.05,1.75,1.69,19,-0.25,1.8,1.75,2.22,2.13
E1,09/08/08,Derby,Doncaster,0,1,A,0,0,D,A D'Urso,13,8,5,5,9,11,5,2,0,2,0,0,1.73,3.5,5,1.6,3.5,5,1.72,3.5,4.75,1.7,3.3,4,1.67,3.3,4.5,1.65,3.4,5,1.62,3.3,5,1.57,3.5,5.5,1.65,3.4,4.5,1.67,3.3,5,29,1.92,1.72,3.5,3.41,5.2,4.79,22,2.05,1.96,1.93,1.8,16,-0.5,2.05,1.96,1.93,1.8
E1,09/08/08,Ipswich,Preston,1,2,A,1,2,A,P Taylor,13,8,4,4,19,13,2,0,0,1,0,0,1.91,3.3,4.2,1.9,3.25,3.65,1.9,3.3,4,1.85,3.2,3.5,1.8,3.2,4,1.85,3.25,4,1.91,3.2,3.5,1.91,3.25,3.75,1.85,3.2,4,1.91,3.2,3.75,37,2,1.88,3.43,3.27,4.41,3.9,29,2.04,1.93,1.9,1.8,19,-0.5,2,1.97,1.95,1.91
E1,09/08/08,Plymouth,Wolves,2,2,D,1,1,D,K Friend,15,14,10,11,15,10,7,8,3,2,0,0,2.6,3.3,2.62,2.45,3.15,2.6,2.5,3.2,2.75,2.4,3.1,2.5,2.38,3.2,2.6,2.5,3.2,2.6,2.62,3.1,2.38,2.38,3.2,2.75,2.5,3.2,2.5,2.4,3.2,2.7,38,2.75,2.51,3.3,3.2,2.79,2.6,30,2.28,2.11,1.72,1.65,20,0,1.98,1.86,2.01,1.94
E1,09/08/08,QPR,Barnsley,2,1,H,2,1,H,N Swarbrick,12,6,8,5,17,18,5,6,1,0,0,1,1.62,3.6,6,1.6,3.5,5,1.65,3.5,5.5,1.6,3.4,4.6,1.62,3.5,4.5,1.62,3.5,5.2,1.57,3.5,5,1.62,3.25,5.5,1.6,3.3,5.5,1.62,3.5,5,38,1.72,1.62,3.63,3.47,6,5.34,29,1.95,1.85,1.97,1.87,20,-0.75,1.96,1.92,1.99,1.95
E1,09/08/08,Sheffield Weds,Burnley,4,1,H,3,1,H,C Oliver,10,4,7,3,11,7,2,6,2,1,0,0,2.3,3.3,3.1,2.1,3.2,3.1,2.25,3.25,3.1,2.2,3.1,2.8,2.2,3.2,2.8,2.25,3.2,2.9,2.2,3.1,2.88,2.2,3.2,3,2.2,3.2,3,2.2,3.2,3,38,2.36,2.21,3.33,3.21,3.25,3.03,30,2.22,2.05,1.73,1.69,20,0,1.72,1.64,2.25,2.19
E1,10/08/08,Nott'm Forest,Reading,0,0,D,0,0,D,S Attwell,15,4,11,2,9,14,7,6,1,1,0,0,2.75,3.3,2.5,2.5,3.15,2.55,2.75,3.2,2.5,2.5,3.1,2.4,2.5,3.2,2.5,2.6,3.2,2.5,2.5,3.1,2.5,2.5,3.4,2.5,2.65,3.2,2.4,2.5,3.25,2.5,36,2.8,2.62,3.4,3.2,2.6,2.51,28,2.3,2.13,1.7,1.65,19,0,2.13,1.99,1.85,1.81
E1,16/08/08,Barnsley,Coventry,1,2,A,1,1,D,S Bratt,13,8,7,6,14,19,7,6,4,3,1,0,2.5,3.3,2.75,2.35,3.2,2.7,2.38,3.2,2.75,2.3,3.1,2.6,2.25,3.2,2.75,2.4,3.2,2.7,2.38,3.1,2.62,2.38,3.2,2.75,2.35,3.25,2.65,2.4,3.2,2.7,40,2.6,2.42,3.4,3.23,3.05,2.75,34,2.06,1.97,1.92,1.76,25,0,1.87,1.78,2.08,2.01
E1,16/08/08,Bristol City,Derby,1,1,D,1,0,H,S Attwell,12,14,7,8,13,12,11,3,0,1,0,0,2.1,3.3,3.4,2.25,3.2,2.85,2.25,3.2,2.9,2.1,3.1,3,2.1,3.2,3,2.25,3.2,2.9,2.2,3.2,2.8,2.25,3.25,2.88,2.1,3.25,3,2.2,3.2,3,39,2.25,2.18,3.5,3.27,3.5,3.15,34,2.24,2.07,1.73,1.68,24,0,1.62,1.57,2.45,2.29
E1,16/08/08,Burnley,Ipswich,0,3,A,0,2,A,A Bates,18,6,8,5,8,9,7,3,0,1,0,0,2.2,3.4,3.2,2.45,3.2,2.55,2.38,3.2,2.75,2.2,3.1,2.8,2.38,3.2,2.6,2.35,3.2,2.75,2.3,3.1,2.75,2.38,3.2,2.75,2.35,3.25,2.65,2.38,3.2,2.75,40,2.5,2.36,3.4,3.24,3.2,2.84,34,2.11,1.98,1.83,1.76,25,0,1.74,1.69,2.24,2.1
E1,16/08/08,Doncaster,Cardiff,1,1,D,0,0,D,M Halsey,9,4,4,2,10,12,7,3,0,1,0,0,2.4,3.3,2.88,2.4,3.2,2.6,2.38,3.2,2.75,2.3,3.1,2.6,2.25,3.2,2.75,2.4,3.2,2.7,2.25,3.2,2.75,2.38,3.2,2.75,2.35,3.25,2.65,2.38,3.2,2.75,40,2.5,2.39,3.4,3.24,3.04,2.78,34,2.28,2.07,1.8,1.68,25,0,1.84,1.75,2.19,2.05
E1,16/08/08,Norwich,Blackpool,1,1,D,0,0,D,K Friend,14,3,5,2,9,13,12,0,1,4,0,0,1.91,3.4,4,1.8,3.3,4,1.83,3.25,4,1.85,3.2,3.5,1.8,3.2,4,1.85,3.3,3.9,1.83,3.2,3.75,1.83,3.25,4,1.85,3.3,3.75,1.8,3.25,4.2,39,1.95,1.85,3.5,3.32,4.5,4.05,33,2.1,1.91,1.91,1.82,24,-0.5,2.01,1.92,1.99,1.93
E1,16/08/08,Preston,Crystal Palace,2,0,H,0,0,D,A Woolmer,17,12,10,6,9,11,8,6,0,2,0,0,2.4,3.3,2.88,2.4,3.2,2.6,2.3,3.25,2.75,2.3,3.1,2.6,2.2,3.2,2.8,2.4,3.2,2.7,2.2,3.2,2.8,2.38,3.2,2.75,2.25,3.25,2.9,2.3,3.2,2.8,39,2.35,2.25,3.41,3.26,3.38,2.98,33,2.26,2.06,1.81,1.68,24,0,1.67,1.62,2.39,2.19
E1,16/08/08,Reading,Plymouth,2,0,H,1,0,H,R Beeby,13,11,6,2,10,15,4,3,0,0,0,0,1.62,3.6,6,1.65,3.45,4.7,1.61,3.5,5,1.6,3.4,4.6,1.62,3.5,4.5,1.6,3.5,5.2,1.53,3.5,5.5,1.62,3.5,5,1.6,3.4,5,1.62,3.4,5.5,40,1.69,1.62,3.9,3.52,6,5.38,34,1.95,1.83,2,1.89,25,-0.75,1.93,1.88,2.03,1.98
E1,16/08/08,Sheffield United,QPR,3,0,H,2,0,H,G Laws,18,9,11,3,16,11,8,6,1,1,0,0,2.1,3.3,3.5,2.25,3.2,2.85,2.25,3.2,2.9,2.1,3.1,3,2.25,3.2,2.75,2.2,3.2,3,2.2,3.2,2.8,2.2,3.2,3,2.2,3.25,2.9,2.25,3.2,2.88,40,2.3,2.17,3.5,3.26,3.75,3.16,34,2.06,1.95,1.87,1.79,25,0,1.63,1.55,2.7,2.3
E1,16/08/08,Southampton,Birmingham,1,2,A,1,0,H,C Penton,10,5,4,5,13,7,5,3,0,0,0,0,3.1,3.3,2.25,2.7,3.2,2.35,2.75,3.25,2.3,2.8,3.1,2.2,2.8,3.2,2.2,2.7,3.2,2.4,2.8,3.2,2.2,2.75,3.2,2.38,2.75,3.25,2.25,3,3.2,2.2,40,3.42,3.04,3.42,3.26,2.35,2.22,34,2.07,1.97,1.86,1.76,25,0,2.41,2.2,1.77,1.62
E1,16/08/08,Swansea,Nott'm Forest,3,1,H,1,1,D,P Taylor,12,7,7,5,9,14,5,4,2,2,0,0,2.1,3.3,3.5,2.15,3.2,3,2.2,3.2,3,2.2,3.1,2.8,2.2,3.2,2.8,2.2,3.2,3,2.1,3.2,3,2.2,3.2,3,2.1,3.2,3.1,2.2,3.2,3,40,2.25,2.14,3.4,3.24,3.75,3.23,34,2.25,2.09,1.73,1.67,25,0,1.6,1.54,2.6,2.33
E1,16/08/08,Watford,Charlton,1,0,H,1,0,H,I Williamson,7,3,3,0,21,13,7,2,4,0,0,1,2.3,3.25,3.1,2.2,3.2,2.95,2.25,3.2,2.9,2.2,3.1,2.8,2.2,3.2,2.8,2.3,3.2,2.8,2.25,3.2,2.75,2.25,3.25,2.88,2.3,3.25,2.75,2.3,3.2,2.8,40,2.37,2.27,3.43,3.25,3.26,2.96,34,2.18,2.05,1.8,1.7,25,0,1.72,1.64,2.3,2.18
E1,16/08/08,Wolves,Sheffield Weds,4,1,H,1,1,D,M Jones,10,12,7,3,11,6,10,6,1,0,0,0,1.8,3.4,5,1.7,3.4,4.4,1.73,3.3,4.5,1.8,3.2,3.7,1.8,3.2,4,1.8,3.4,4,1.83,3.2,3.75,1.8,3.2,4.33,1.7,3.4,4.5,1.83,3.3,4,38,1.9,1.79,3.6,3.37,4.8,4.35,33,2.05,1.88,1.95,1.85,25,-0.5,1.9,1.83,2.04,2.02
E1,23/08/08,Birmingham,Barnsley,2,0,H,2,0,H,R Beeby,16,9,8,3,14,15,11,2,1,1,0,0,1.44,4.2,7.5,1.45,3.75,6.5,1.45,3.75,7.5,1.45,3.8,5.4,1.5,4,7,1.45,3.75,7,1.44,3.75,6,1.44,4.1,8,1.45,3.75,6.5,1.44,3.75,7.5,38,1.5,1.44,4.55,3.9,8.59,7.21,32,1.9,1.8,2.05,1.94,21,-1,1.83,1.76,2.14,2.11
E1,23/08/08,Blackpool,Sheffield United,1,3,A,0,1,A,S Mathieson,23,12,14,7,9,10,5,11,1,1,0,0,3.1,3.4,2.25,2.85,3.2,2.25,2.9,3.25,2.3,2.6,3.1,2.3,3.2,3.25,2.25,2.8,3.2,2.3,2.75,3.2,2.25,3,3.25,2.38,2.7,3.2,2.3,2.88,3.25,2.3,38,3.27,2.93,3.44,3.26,2.38,2.27,32,2.21,2.09,1.75,1.68,21,0,2.27,2.18,1.68,1.65
E1,23/08/08,Cardiff,Norwich,2,2,D,1,0,H,A Taylor,8,11,5,7,10,15,5,2,0,0,0,0,1.91,3.4,4,1.9,3.25,3.6,1.9,3.25,4,1.8,3.2,3.7,1.8,3.5,4.5,1.85,3.2,4,1.83,3.2,3.75,2,3.25,4,1.75,3.25,4.35,1.91,3.25,4,38,1.97,1.87,3.5,3.3,4.5,4,31,2.23,2.1,1.8,1.68,21,-0.5,1.99,1.92,1.98,1.94
E1,23/08/08,Charlton,Reading,4,2,H,2,1,H,L Mason,13,10,10,5,3,10,4,7,1,2,0,1,2.62,3.3,2.62,2.45,3.2,2.55,2.5,3.25,2.63,2.3,3.1,2.6,2.8,3.3,2.5,2.5,3.2,2.6,2.5,3.1,2.5,2.63,3.2,2.7,2.65,3.25,2.75,2.6,3.3,2.5,38,2.8,2.54,3.4,3.22,2.76,2.62,34,2.21,2.12,1.73,1.66,22,0,1.97,1.89,1.98,1.9
E1,23/08/08,Coventry,Bristol City,0,3,A,0,1,A,P Dowd,17,10,9,9,11,12,8,6,3,1,0,0,2.1,3.3,3.5,2,3.2,3.35,2.1,3.25,3.25,2.1,3.1,3,2.25,3.3,3.2,2.1,3.2,3.2,2.05,3.2,3.1,2.2,3.25,3.4,2.1,3.25,3,2.2,3.25,3.2,38,2.25,2.13,3.4,3.25,3.52,3.22,32,2.2,2.11,1.8,1.67,21,-0.25,1.95,1.91,1.99,1.95
E1,23/08/08,Crystal Palace,Burnley,0,0,D,0,0,D,I Williamson,5,12,3,4,15,14,2,9,5,3,2,0,1.83,3.4,4.5,1.7,3.4,4.4,1.95,3.3,3.6,1.7,3.3,4,1.8,3.5,4.5,1.85,3.25,4,1.8,3.25,3.8,1.91,3.4,4.1,1.75,3.25,4.35,1.83,3.3,4.2,38,2,1.81,3.5,3.35,4.55,4.23,32,2.11,1.96,1.86,1.78,21,-0.5,2.01,1.96,1.94,1.89
E1,23/08/08,Derby,Southampton,0,1,A,0,0,D,G Laws,17,17,9,9,4,11,10,13,0,1,0,0,1.83,3.4,4.5,1.75,3.35,4.15,1.83,3.4,4,1.7,3.3,4,1.91,3.4,4,1.8,3.25,4.2,1.8,3.25,3.8,1.83,3.4,4.5,1.85,3.25,3.75,1.83,3.3,4.2,38,1.93,1.82,3.55,3.34,4.6,4.2,32,2.09,1.98,1.9,1.76,21,-0.5,1.93,1.91,2.02,1.95
E1,23/08/08,Ipswich,Wolves,0,2,A,0,1,A,S Tanner,13,18,7,10,9,14,4,5,2,2,1,0,2.3,3.25,3.1,2.25,3.2,2.85,2.3,3.25,2.9,2.2,3.1,2.8,2.2,3.3,3.3,2.3,3.2,2.8,2.15,3.2,2.9,2.3,3.3,3.1,2.2,3.2,2.9,2.3,3.25,2.88,38,2.37,2.25,3.5,3.25,3.3,2.97,32,1.96,1.88,1.97,1.85,21,0,1.67,1.63,2.38,2.22
E1,23/08/08,Nott'm Forest,Watford,3,2,H,2,1,H,M Haywood,14,10,7,3,6,9,4,4,0,0,0,0,2.4,3.3,2.88,2.4,3.2,2.6,2.5,3.25,2.63,2.4,3,2.5,2.25,3.25,3.25,2.5,3.2,2.6,2.2,3.2,2.8,2.5,3.2,2.88,2.3,3.2,2.75,2.4,3.25,2.8,37,2.5,2.41,3.4,3.23,3.25,2.76,31,2.3,2.14,1.7,1.64,21,0,1.8,1.75,2.22,2.06
E1,23/08/08,Plymouth,Swansea,0,1,A,0,1,A,A D'Urso,6,14,3,10,17,11,5,7,1,1,0,0,2.4,3.3,2.88,2.2,3.2,2.9,2.3,3.25,2.9,2.2,3.1,2.8,2.38,3.25,3,2.25,3.2,2.9,2.38,3.1,2.62,2.5,3.2,2.88,2.45,3.4,2.9,2.5,3.25,2.7,38,2.5,2.34,3.4,3.24,3.05,2.87,34,2.25,2.09,1.75,1.67,20,0,1.81,1.72,2.2,2.08
E1,23/08/08,QPR,Doncaster,2,0,H,2,0,H,M Thorpe,16,5,7,2,13,13,3,3,2,0,0,0,1.83,3.4,4.5,1.8,3.35,3.85,1.83,3.4,4,1.75,3.3,3.8,1.91,3.25,4.33,1.8,3.25,4.2,1.73,3.25,4.2,1.91,3.4,4.1,1.8,3.25,4,1.83,3.3,4.2,38,1.95,1.82,3.54,3.34,4.55,4.19,32,2.07,1.95,1.88,1.8,20,-0.5,1.98,1.92,2.01,1.95
E1,23/08/08,Sheffield Weds,Preston,1,1,D,1,0,H,M Russell,11,7,6,3,8,6,5,6,2,1,0,0,2.5,3.3,2.75,2.45,3.2,2.55,2.5,3.25,2.63,2.3,3.1,2.6,2.5,3.3,2.8,2.4,3.2,2.7,2.3,3.2,2.62,2.5,3.2,2.88,2.4,3.25,2.6,2.4,3.25,2.75,38,2.56,2.44,3.4,3.23,2.94,2.71,32,2.07,1.96,1.9,1.79,20,0,1.83,1.78,2.1,2.02
E1,30/08/08,Barnsley,Derby,2,0,H,0,0,D,G Salisbury,9,12,5,6,17,19,6,7,2,1,0,0,2.4,3.4,2.8,2.55,3.2,2.45,2.5,3.25,2.6,2.5,3.1,2.4,2.38,3.2,2.6,2.4,3.2,2.7,2.4,3.25,2.5,2.38,3.2,2.75,2.4,3.25,2.6,2.5,3.3,2.6,39,2.63,2.45,3.4,3.24,2.83,2.66,32,2.24,2.09,1.75,1.66,21,0,1.81,1.78,2.19,2.03
E1,30/08/08,Bristol City,QPR,1,1,D,1,1,D,D Deadman,14,3,9,2,11,9,7,3,2,4,0,1,2.25,3.4,3.1,2.4,3.2,2.6,2.3,3.25,2.86,2.2,3.1,2.8,2.1,3.2,3,2.3,3.2,2.8,2.38,3.1,2.62,2.38,3.2,2.75,2.2,3.25,2.9,2.38,3.25,2.75,39,2.4,2.27,3.4,3.25,3.3,2.89,32,2.15,2.01,1.83,1.74,21,-0.25,2.03,1.95,2,1.91
E1,30/08/08,Burnley,Plymouth,0,0,D,0,0,D,M Oliver,13,9,7,2,18,18,5,1,1,1,1,0,1.91,3.4,4,1.9,3.25,3.6,1.91,3.3,3.75,1.9,3.2,3.4,2,3.2,3.2,1.95,3.25,3.6,1.8,3.25,3.8,1.91,3.25,3.75,1.85,3.25,3.75,1.83,3.3,4.2,37,2,1.9,3.4,3.27,4.4,3.8,30,2.24,2.1,1.73,1.66,19,-0.5,1.96,1.9,2.04,1.95
E1,30/08/08,Doncaster,Coventry,1,0,H,1,0,H,R Shoebridge,8,10,2,5,13,15,0,9,0,0,0,0,2.3,3.4,3,2.2,3.2,2.9,2.2,3.3,3,2.2,3.1,2.8,2.1,3.2,3,2.25,3.2,2.9,2.2,3.2,2.8,2.25,3.25,2.88,2.2,3.25,2.9,2.38,3.25,2.8,39,2.38,2.26,3.4,3.25,3.2,2.91,32,2.2,2.07,1.75,1.68,21,0,1.73,1.66,2.3,2.15
E1,30/08/08,Norwich,Birmingham,1,1,D,0,1,A,J Moss,13,10,7,3,10,13,5,4,2,1,0,0,3.25,3.3,2.2,2.9,3.2,2.2,3,3.3,2.2,3,3.1,2.1,3,3.2,2.1,3,3.2,2.2,2.8,3.2,2.2,3.2,3.2,2.1,2.9,3.25,2.2,3.1,3.25,2.2,39,3.36,3.01,3.4,3.25,2.3,2.2,31,2.15,1.97,1.85,1.78,21,0.25,1.95,1.9,2.02,1.96
E1,30/08/08,Preston,Charlton,2,1,H,0,1,A,C Oliver,20,5,16,3,12,9,9,4,2,2,0,0,2.2,3.3,3.25,2.2,3.2,2.9,2.2,3.3,3,2.2,3.1,2.8,2.1,3.2,3,2.2,3.2,3,2.15,3.2,2.9,2.2,3.2,3,2.2,3.25,2.9,2.2,3.25,3.1,38,2.3,2.21,3.4,3.25,3.25,3.02,30,2.2,2.05,1.77,1.7,21,-0.25,2.01,1.94,1.98,1.92
E1,30/08/08,Reading,Crystal Palace,4,2,H,1,1,D,C Penton,15,8,8,2,9,3,12,8,2,1,0,0,1.8,3.5,4.5,1.85,3.25,3.8,1.83,3.4,4,1.8,3.2,3.7,1.8,3.3,3.75,1.8,3.25,4.2,1.8,3.25,3.8,1.8,3.2,4.33,1.75,3.4,4,1.8,3.3,4.33,39,1.85,1.8,3.5,3.33,4.65,4.2,31,2.1,1.96,1.9,1.78,21,-0.5,1.84,1.8,2.15,2.06
E1,30/08/08,Sheffield United,Cardiff,0,0,D,0,0,D,C Webster,11,11,5,6,14,10,2,5,0,0,0,0,1.83,3.4,4.33,1.8,3.3,4,1.85,3.35,3.8,1.8,3.2,3.7,1.8,3.2,4,1.85,3.25,4,1.8,3.25,3.8,1.73,3.4,4.33,1.8,3.3,4,1.8,3.3,4.33,39,1.85,1.8,3.5,3.32,4.75,4.23,31,2,1.88,2,1.85,21,-0.5,1.85,1.81,2.15,2.05
E1,30/08/08,Southampton,Blackpool,0,1,A,0,1,A,A Marriner,19,12,10,6,14,14,3,6,3,2,0,0,1.83,3.4,4.5,1.8,3.3,4,1.83,3.2,4.33,1.85,3.2,3.5,1.73,3.4,4,1.85,3.25,4,1.91,3.2,3.5,1.83,3.25,4,1.75,3.4,4,1.83,3.3,4.2,39,1.91,1.83,3.5,3.32,4.5,4.09,34,2.1,1.97,1.84,1.77,21,-0.5,1.92,1.87,2.03,1.99
E1,30/08/08,Swansea,Sheffield Weds,1,1,D,1,0,H,K Friend,16,9,6,7,9,16,9,7,0,3,0,0,1.91,3.4,4,2,3.2,3.35,1.91,3.3,3.75,1.9,3.2,3.4,1.91,3.25,3.4,1.9,3.25,3.75,1.91,3.2,3.5,1.83,3.25,4,1.9,3.25,3.6,1.91,3.25,4,39,2,1.92,3.4,3.26,4.2,3.75,31,2,1.88,1.95,1.85,21,-0.5,2.01,1.94,1.98,1.92
E1,30/08/08,Watford,Ipswich,2,1,H,0,1,A,L Probert,14,9,10,4,13,12,9,4,2,2,0,0,2.3,3.3,3.1,2.1,3.2,3.1,2.2,3.3,3,2.2,3.1,2.8,2.25,3.2,2.75,2.2,3.2,3,2.38,3.1,2.62,2.2,3.2,3,2.2,3.25,2.9,2.3,3.25,2.88,38,2.4,2.26,3.4,3.23,3.25,2.95,33,2.13,1.97,1.84,1.76,20,0,1.7,1.65,2.31,2.17
E1,30/08/08,Wolves,Nott'm Forest,5,1,H,4,0,H,G Hegley,16,3,8,2,8,7,6,6,0,2,0,0,1.83,3.4,4.5,1.65,3.4,4.75,1.83,3.4,4,1.75,3.3,3.8,1.73,3.2,4.33,1.7,3.4,4.5,1.73,3.25,4.2,1.73,3.4,4.33,1.75,3.4,4,1.8,3.3,4.5,39,1.85,1.75,3.5,3.35,5.15,4.5,31,1.9,1.82,2.05,1.91,21,-0.5,1.89,1.81,2.09,2.04
E1,13/09/08,Birmingham,Doncaster,1,0,H,0,0,D,G Ward,8,13,4,6,10,15,1,6,2,1,1,0,1.57,3.75,6,1.55,3.55,5.5,1.57,3.5,6,1.55,3.5,4.8,1.57,3.8,6,1.55,3.5,6,1.5,3.4,6,1.53,3.5,6,1.53,3.6,5.5,1.57,3.5,6,40,1.6,1.55,4.04,3.58,7.1,5.99,31,2.08,1.97,1.85,1.76,18,-1,2.1,2.04,1.87,1.83
E1,13/09/08,Blackpool,Barnsley,1,0,H,0,0,D,A Bates,19,8,10,5,15,13,8,1,3,3,0,0,2.1,3.3,3.5,2.1,3.2,3.1,2.1,3.25,3.25,2,3.2,3.1,2.2,3.2,3.4,2.1,3.2,3.2,2,3.2,3.2,2,3.25,3.4,2.1,3.3,3,2.1,3.25,3.4,40,2.2,2.1,3.5,3.26,3.6,3.26,31,2.22,2.09,1.73,1.67,18,-0.25,1.9,1.83,2.09,2.04
E1,13/09/08,Cardiff,Bristol City,0,0,D,0,0,D,P Walton,20,11,14,2,11,11,9,5,0,1,0,0,2.1,3.3,3.5,2.1,3.2,3.1,2.1,3.25,3.25,2.1,3.1,3,2.2,3.2,3.4,2.1,3.2,3.2,2.15,3.1,3,2.1,3.2,3.2,2.1,3.25,3,2.2,3.25,3.2,40,2.2,2.13,3.45,3.24,3.57,3.21,31,2.2,2.09,1.75,1.67,18,-0.25,1.89,1.86,2.05,2
E1,13/09/08,Charlton,Wolves,1,3,A,1,0,H,A Taylor,17,15,5,10,12,11,5,5,4,1,0,0,2.5,3.3,2.75,2.45,3.2,2.55,2.4,3.2,2.75,2.3,3.1,2.6,2.62,3.4,2.6,2.4,3.2,2.7,2.38,3.1,2.62,2.38,3.25,2.7,2.5,3.25,2.5,2.5,3.25,2.7,39,2.65,2.46,3.4,3.23,2.9,2.69,30,1.93,1.85,2,1.87,18,0,1.91,1.8,2.07,2.01
E1,13/09/08,Coventry,Preston,0,0,D,0,0,D,G Hegley,18,12,11,5,13,7,5,4,0,0,0,0,2.38,3.25,3,2.35,3.2,2.7,2.35,3.25,2.8,2.3,3.1,2.6,2.5,3.3,2.8,2.3,3.2,2.8,2.25,3.2,2.75,2.25,3.25,2.88,2.35,3.25,2.65,2.3,3.25,3,40,2.5,2.32,3.4,3.24,3.1,2.85,31,2.23,2.07,1.83,1.68,18,0,1.76,1.7,2.3,2.11
E1,13/09/08,Crystal Palace,Swansea,2,0,H,1,0,H,L Mason,13,6,7,6,9,12,6,6,1,3,0,0,2.2,3.25,3.25,2.05,3.2,3.2,2.15,3.2,3.2,2,3.2,3.1,2.2,3.2,3.4,2.1,3.2,3.2,2,3.2,3.2,2.1,3.2,3.2,2.2,3.2,2.88,2.2,3.25,3.2,40,2.36,2.15,3.4,3.23,3.4,3.16,31,2.23,2.12,1.7,1.65,18,0,1.69,1.59,2.6,2.27
E1,13/09/08,Derby,Sheffield United,2,1,H,1,1,D,C Foy,18,10,6,5,10,21,9,4,1,3,0,0,2.75,3.3,2.5,2.55,3.2,2.45,2.65,3.2,2.5,2.5,3.1,2.4,2.6,3.2,2.38,2.6,3.2,2.5,2.62,3.1,2.38,2.6,3.2,2.5,2.8,3.4,2.55,2.75,3.25,2.5,37,2.88,2.69,3.4,3.23,2.63,2.47,31,2.25,2.11,1.7,1.65,17,0,2.05,1.98,1.91,1.82
E1,13/09/08,Ipswich,Reading,2,0,H,0,0,D,K Hill,19,9,9,6,14,17,4,11,1,2,0,0,2.5,3.3,2.75,2.4,3.2,2.6,2.45,3.2,2.7,2.3,3.1,2.6,2.5,3.3,2.8,2.4,3.2,2.7,2.3,3.2,2.62,2.38,3.2,2.75,2.3,3.25,2.7,2.4,3.25,2.75,40,2.52,2.41,3.41,3.24,2.94,2.72,31,1.9,1.81,2.06,1.92,18,0,1.84,1.78,2.17,2.03
E1,13/09/08,Nott'm Forest,Burnley,1,2,A,0,1,A,C Penton,9,9,4,6,9,14,6,9,0,2,0,0,2.1,3.4,3.4,2,3.2,3.35,2,3.25,3.5,2,3.2,3.1,2.1,3.4,3.4,2,3.25,3.4,2.05,3.2,3.1,2,3.25,3.4,1.9,3.25,3.5,2.1,3.25,3.4,39,2.2,2.04,3.5,3.26,3.75,3.4,31,2.05,1.91,1.92,1.81,18,0,1.54,1.5,2.63,2.48
E1,13/09/08,Plymouth,Norwich,1,2,A,0,1,A,A Woolmer,5,15,4,6,6,8,3,5,2,2,1,0,2.38,3.3,2.88,2.35,3.2,2.7,2.3,3.25,2.9,2.2,3.1,2.8,2.25,3.25,3.25,2.3,3.2,2.8,2.38,3.1,2.62,2.25,3.25,2.88,2.35,3.2,2.75,2.38,3.2,2.88,40,2.45,2.33,3.4,3.23,3.25,2.85,31,2.26,2.14,1.7,1.63,18,0,1.8,1.7,2.21,2.1
E1,13/09/08,Sheffield Weds,Watford,2,0,H,1,0,H,G Salisbury,8,11,3,2,8,10,3,4,2,2,0,0,2.5,3.3,2.75,2.4,3.2,2.6,2.4,3.2,2.75,2.4,3.1,2.5,2.38,3.25,3,2.4,3.2,2.7,2.25,3.2,2.75,2.25,3.25,2.88,2.3,3.25,2.7,2.4,3.25,2.8,39,2.5,2.37,3.42,3.24,3.07,2.77,31,2.05,1.96,1.87,1.78,18,0,1.8,1.75,2.21,2.06
E1,14/09/08,QPR,Southampton,4,1,H,1,0,H,K Friend,15,15,13,9,11,16,6,1,2,2,0,1,1.8,3.4,4.75,1.65,3.4,4.75,1.73,3.4,4.5,1.65,3.3,4.4,1.67,3.3,4.5,1.65,3.4,5,1.62,3.5,4.5,1.62,3.5,5,1.75,3.6,5,1.7,3.4,5,37,1.8,1.7,3.75,3.43,5.5,4.76,31,1.91,1.85,2.1,1.87,17,0,1.28,1.25,4,3.65
E1,16/09/08,Barnsley,Cardiff,0,1,A,0,1,A,G Laws,7,10,3,4,19,6,3,4,3,0,0,0,2.62,3.25,2.7,2.55,3.05,2.55,2.63,3.2,2.5,2.45,3.1,2.45,2.62,3.3,2.62,2.5,3.2,2.6,2.62,3.3,2.62,2.75,3.2,2.6,2.5,3.2,2.5,2.62,3.25,2.5,42,2.74,2.57,3.35,3.2,2.74,2.57,32,2.22,2.09,1.75,1.67,20,0,1.96,1.88,1.97,1.9
E1,16/09/08,Bristol City,Birmingham,1,2,A,0,2,A,K Friend,17,12,11,6,11,17,10,2,1,3,0,0,2.75,3.4,2.5,2.55,3.2,2.45,2.75,3.2,2.38,2.5,3.2,2.4,2.8,3.3,2.5,2.7,3.2,2.4,2.8,3.3,2.5,2.75,3.2,2.6,2.6,3.25,2.4,2.75,3.25,2.4,42,2.85,2.68,3.53,3.24,2.6,2.45,32,2.16,2.03,1.8,1.73,20,0,2.04,1.97,1.91,1.82
E1,16/09/08,Burnley,Blackpool,2,0,H,0,0,D,J Moss,12,2,7,2,12,10,9,3,0,0,0,0,2,3.3,3.75,2,3.2,3.35,2,3.25,3.5,2,3.2,3.1,2,3.4,3.75,1.9,3.25,3.75,2.05,3.25,3.75,2,3.3,3.8,1.9,3.25,3.5,2,3.25,3.6,42,1.95,1.87,3.68,3.34,4.4,3.88,32,2.12,2.05,1.81,1.71,20,-0.5,1.93,1.88,2.01,1.97
E1,16/09/08,Doncaster,Charlton,0,1,A,0,1,A,N Miller,11,6,7,1,4,6,14,1,1,0,0,0,2.38,3.25,3,2.3,3.2,2.75,2.3,3.25,2.86,2.3,3.1,2.6,2.25,3.3,3.2,2.3,3.2,2.8,2.3,3.3,3.1,2.38,3.25,3,2.2,3.25,2.88,2.25,3.3,3,42,2.38,2.26,3.4,3.25,3.42,2.95,32,2.25,2.12,1.74,1.65,20,0,1.67,1.62,2.35,2.19
E1,16/09/08,Preston,Nott'm Forest,2,1,H,0,0,D,C Webster,19,12,10,7,6,8,7,5,0,1,0,0,1.8,3.5,4.5,1.67,3.4,4.6,1.75,3.4,4.5,1.75,3.3,3.8,1.8,3.5,4.5,1.8,3.25,4.2,1.83,3.4,4.5,1.8,3.5,4.5,1.73,3.3,4.33,1.73,3.4,4.75,41,1.83,1.74,3.84,3.43,5.4,4.53,32,2.06,1.96,1.9,1.78,19,-0.5,1.81,1.74,2.26,2.14
E1,16/09/08,Reading,Sheffield Weds,6,0,H,3,0,H,A Woolmer,15,9,10,6,7,8,9,2,0,1,0,0,1.7,3.4,5.25,1.65,3.35,4.75,1.73,3.4,4.5,1.75,3.3,3.8,1.73,3.5,5,1.7,3.4,4.5,1.7,3.6,5,1.73,3.5,5,1.7,3.4,4.35,1.73,3.4,5,42,1.76,1.69,3.65,3.44,5.5,4.78,32,1.89,1.8,2.05,1.94,20,-0.75,2,1.94,1.97,1.93
E1,16/09/08,Sheffield United,Coventry,1,1,D,0,1,A,D Deadman,11,20,7,9,10,13,7,4,1,3,1,0,1.73,3.5,5,1.7,3.4,4.4,1.73,3.4,4.5,1.65,3.4,4.2,1.73,3.5,5,1.7,3.4,4.5,1.7,3.6,5,1.73,3.5,5,1.65,3.4,4.5,1.73,3.4,4.75,42,1.75,1.7,3.85,3.44,5.25,4.69,32,2.05,1.96,1.9,1.79,20,-0.75,2,1.98,1.94,1.9
E1,16/09/08,Swansea,Derby,1,1,D,0,0,D,A Penn,11,6,5,2,9,12,8,3,0,2,0,0,2,3.4,3.75,2,3.2,3.25,2,3.3,3.5,2.1,3.1,3,2,3.4,3.75,2.1,3.2,3.2,2.05,3.4,3.5,2.1,3.3,3.5,1.91,3.3,3.5,2.1,3.25,3.3,42,2.1,2.03,3.55,3.29,3.84,3.42,32,2.23,2.09,1.74,1.68,20,0,1.53,1.49,2.75,2.5
E1,16/09/08,Watford,Plymouth,1,2,A,0,1,A,C Penton,11,6,5,4,13,16,10,5,1,2,0,0,1.73,3.5,5,1.65,3.45,4.75,1.73,3.4,4.5,1.7,3.3,4,1.73,3.5,5,1.65,3.4,5,1.8,3.5,4.5,1.73,3.5,5,1.6,3.5,5,1.8,3.3,4.5,42,1.8,1.72,3.75,3.42,5.1,4.67,32,2.2,2.05,1.8,1.71,20,-0.75,2.06,2.02,1.88,1.85
E1,16/09/08,Wolves,Crystal Palace,2,1,H,1,1,D,S Mathieson,14,4,7,3,13,9,6,3,2,2,0,0,1.73,3.5,5,1.6,3.45,5.2,1.68,3.4,4.75,1.7,3.3,4,1.73,3.5,5,1.7,3.4,4.5,1.73,3.5,5,1.73,3.5,5,1.67,3.4,4.5,1.67,3.6,5,42,1.75,1.68,3.94,3.49,5.56,4.85,32,1.93,1.87,2,1.87,20,-0.75,1.95,1.9,2,1.97
E1,17/09/08,Norwich,QPR,0,1,A,0,1,A,R Shoebridge,13,6,7,1,9,15,10,2,2,2,0,1,2.38,3.25,3,2.35,3.2,2.7,2.4,3.2,2.75,2.4,3.1,2.5,2.5,3.2,2.5,2.4,3.2,2.7,2.4,3.3,2.9,2.5,3.25,2.75,2.4,3.25,2.6,2.5,3.25,2.62,37,2.5,2.38,3.4,3.22,3.3,2.74,28,2.1,1.99,1.84,1.74,17,0,1.8,1.7,2.39,2.11
E1,17/09/08,Southampton,Ipswich,2,2,D,1,1,D,P Crossley,10,17,4,13,10,14,3,6,0,4,0,0,2.38,3.4,2.88,2.3,3.2,2.75,2.45,3.2,2.7,2.4,3.1,2.5,2.38,3.2,2.6,2.5,3.2,2.6,2.5,3.3,2.8,2.6,3.25,2.7,2.35,3.25,2.6,2.5,3.25,2.62,39,2.55,2.43,3.5,3.22,2.8,2.67,28,1.95,1.87,1.99,1.86,18,0,1.88,1.83,2.09,1.96
E1,20/09/08,Birmingham,Blackpool,0,1,A,0,0,D,M Russell,12,9,3,5,7,13,8,5,0,0,0,0,1.4,4.2,9,1.45,3.65,7,1.45,3.75,7.5,1.5,3.7,5,1.44,4,8,1.45,3.8,6.75,1.4,3.75,7,1.44,3.75,7,1.4,3.75,7.5,1.44,3.75,7.5,41,1.5,1.45,4.36,3.8,9,7.26,33,2.03,1.93,1.9,1.8,20,-1,1.85,1.81,2.11,2.06
E1,20/09/08,Bristol City,Doncaster,4,1,H,0,0,D,J Singh,14,17,8,9,15,10,6,5,2,2,0,0,1.91,3.4,4,1.75,3.35,4.15,1.91,3.2,4,1.8,3.2,3.7,1.83,3.4,4.5,1.85,3.25,4,1.83,3.2,3.75,1.83,3.25,4,1.8,3.25,4,1.8,3.4,4.2,41,2,1.85,3.5,3.31,4.5,4.02,33,2.32,2.16,1.7,1.63,20,-0.5,2,1.95,1.94,1.91
E1,20/09/08,Coventry,QPR,1,0,H,1,0,H,D Whitestone,6,11,2,4,15,15,4,8,4,1,0,0,2.62,3.3,2.62,2.6,3.2,2.4,2.5,3.3,2.6,2.5,3.1,2.4,2.62,3.4,2.6,2.5,3.2,2.6,2.5,3.1,2.5,2.63,3.2,2.5,2.4,3.2,2.6,2.62,3.25,2.5,40,2.75,2.56,3.5,3.23,2.9,2.55,32,2.28,2.05,1.77,1.7,19,0,1.91,1.85,2.07,1.95
E1,20/09/08,Crystal Palace,Plymouth,1,2,A,0,1,A,N Swarbrick,11,8,8,4,13,14,10,3,2,2,0,0,1.83,3.4,4.5,1.75,3.35,4.15,1.8,3.2,4.5,1.8,3.2,3.7,1.8,3.5,4.5,1.8,3.25,4.2,1.7,3.3,4.33,1.83,3.25,4,1.75,3.2,4.33,1.8,3.4,4.2,41,1.95,1.8,3.5,3.34,5,4.27,33,2.25,2.09,1.75,1.67,20,-0.5,1.95,1.9,2.01,1.96
E1,20/09/08,Derby,Cardiff,1,1,D,1,0,H,M Haywood,9,10,4,3,6,4,6,8,0,0,0,0,2.25,3.25,3.2,2.2,3.2,2.9,2.3,3.2,2.9,2.2,3.1,2.8,2.3,3.2,3.2,2.2,3.2,3,2.2,3.2,2.8,2.1,3.2,3.2,2.4,3.2,2.6,2.25,3.3,2.88,41,2.51,2.25,3.4,3.23,3.25,2.97,33,2.33,2.15,1.67,1.63,20,0,1.78,1.67,2.25,2.14
E1,20/09/08,Norwich,Sheffield United,1,0,H,0,0,D,P Crossley,16,13,9,4,5,13,6,6,0,2,0,0,2.4,3.25,2.9,2.4,3.2,2.6,2.4,3.25,2.75,2.3,3.1,2.6,2.4,3.3,2.88,2.3,3.2,2.8,2.25,3.2,2.75,2.38,3.25,2.63,2.25,3.25,2.8,2.4,3.25,2.75,40,2.5,2.36,3.4,3.25,3.1,2.78,33,2.2,2.04,1.82,1.72,20,0,1.8,1.72,2.18,2.06
E1,20/09/08,Nott'm Forest,Charlton,0,0,D,0,0,D,K Evans,8,7,3,4,22,11,4,7,3,2,1,0,2.4,3.3,2.9,2.4,3.2,2.6,2.4,3.25,2.75,2.4,3.1,2.5,2.4,3.4,2.8,2.5,3.2,2.6,2.38,3.1,2.62,2.38,3.25,2.63,2.4,3.2,2.6,2.38,3.25,2.75,40,2.55,2.41,3.44,3.24,2.9,2.71,33,2,1.89,1.98,1.84,20,0,1.89,1.8,2.07,2
E1,20/09/08,Preston,Wolves,1,3,A,0,1,A,M Atkinson,13,16,6,11,9,12,5,7,1,2,0,2,2.62,3.3,2.62,2.55,3.2,2.45,2.6,3.1,2.6,2.5,3.1,2.4,2.62,3.3,2.62,2.55,3.15,2.55,2.38,3.1,2.62,2.5,3.25,2.5,2.35,3.25,2.65,2.5,3.25,2.62,39,2.63,2.53,3.47,3.23,2.85,2.59,33,2,1.89,1.98,1.84,20,0,1.9,1.84,2.08,1.95
E1,20/09/08,Sheffield Weds,Ipswich,0,0,D,0,0,D,M Jones,6,7,3,3,8,13,2,2,0,0,0,0,2.5,3.3,2.75,2.25,3.2,2.85,2.5,3.2,2.65,2.3,3.1,2.6,2.5,3.3,2.8,2.5,3.2,2.6,2.5,3.1,2.5,2.38,3.25,2.63,2.35,3.25,2.65,2.38,3.25,2.75,41,2.63,2.43,3.41,3.22,2.9,2.7,33,2,1.89,1.96,1.83,20,0,1.9,1.82,2.05,1.98
E1,20/09/08,Southampton,Barnsley,0,0,D,0,0,D,A D'Urso,10,5,7,0,8,12,3,3,2,1,0,0,2,3.25,3.5,2,3,3.6,2,3.3,3.5,1.9,3.2,3.4,2,3.4,3.75,1.95,3.25,3.6,1.83,3.2,3.75,1.91,3.25,3.75,2,3.25,3.25,1.91,3.3,3.75,41,2.1,1.97,3.41,3.26,3.98,3.58,33,2.15,1.99,1.86,1.74,20,-0.5,2.06,2.03,1.88,1.83
E1,20/09/08,Swansea,Burnley,1,1,D,0,0,D,A Hall,8,5,5,3,10,13,3,2,1,4,0,0,2.1,3.3,3.5,2.1,3.2,3.1,2.1,3.2,3.3,2.1,3.1,3,2.2,3.3,3.3,2,3.25,3.4,2,3.2,3.2,2,3.25,3.4,2.1,3.25,3,2,3.3,3.5,41,2.2,2.08,3.44,3.26,3.73,3.31,33,2.22,2.06,1.75,1.69,20,-0.25,1.86,1.84,2.09,2.03
E1,20/09/08,Watford,Reading,2,2,D,0,1,A,S Attwell,7,8,5,5,14,14,5,10,4,4,0,0,2.75,3.25,2.5,2.4,3.2,2.6,2.75,3.25,2.4,2.5,3.1,2.4,2.88,3.3,2.4,2.7,3.2,2.4,2.8,3.2,2.2,2.75,3.25,2.3,2.65,3.2,2.35,2.6,3.25,2.5,41,3.18,2.75,3.4,3.24,2.5,2.38,33,1.91,1.83,2.04,1.9,20,0,2.26,2.05,1.83,1.75
E1,27/09/08,Barnsley,Norwich,0,0,D,0,0,D,N Miller,13,11,6,4,14,10,5,8,1,0,0,0,2.5,3.3,2.8,2.45,3.2,2.55,2.6,3.25,2.5,2.4,3.1,2.5,2.6,3.25,2.7,2.5,3.2,2.6,2.5,3.1,2.5,2.6,3.2,2.75,2.4,3.25,2.6,2.62,3.25,2.6,41,2.7,2.53,3.5,3.23,2.76,2.58,33,2.2,2.09,1.75,1.67,19,0,1.93,1.88,2.02,1.91
E1,27/09/08,Blackpool,Coventry,1,1,D,0,0,D,M Oliver,18,12,6,7,12,17,9,5,0,2,0,0,2.4,3.3,2.88,2.4,3.2,2.6,2.35,3.25,2.8,2.2,3.1,2.8,2.25,3.25,3.2,2.3,3.2,2.8,2.2,3.1,2.88,2.38,3.25,3,2.3,3.25,2.75,2.3,3.3,2.88,41,2.41,2.31,3.4,3.24,3.2,2.85,33,2.26,2.13,1.7,1.64,19,0,1.76,1.69,2.22,2.11
E1,27/09/08,Burnley,Preston,3,1,H,1,1,D,L Mason,14,3,6,2,9,16,7,4,0,5,0,1,2.4,3.3,2.88,2.35,3.2,2.7,2.4,3.25,2.75,2.3,3.1,2.6,2.4,3.2,3,2.4,3.2,2.7,2.38,3.1,2.62,2.4,3.3,2.9,2.3,3.25,2.75,2.38,3.3,2.8,40,2.5,2.38,3.4,3.24,3,2.77,32,2.18,2.09,1.75,1.67,19,0,1.8,1.74,2.19,2.07
E1,27/09/08,Cardiff,Birmingham,1,2,A,0,2,A,M Jones,8,5,3,3,14,8,15,3,1,1,0,0,2.62,3.3,2.62,2.55,3.2,2.45,2.5,3.25,2.6,2.3,3.1,2.6,2.75,3.3,2.5,2.5,3.2,2.6,2.4,3.1,2.6,2.63,3.3,2.63,2.4,3.2,2.6,2.62,3.25,2.6,41,2.75,2.55,3.39,3.22,2.76,2.57,33,2.2,2.11,1.72,1.66,19,0,2,1.91,1.96,1.88
E1,27/09/08,Charlton,Sheffield Weds,1,2,A,1,2,A,D Whitestone,15,3,4,3,12,14,5,2,1,3,0,0,1.83,3.5,4.33,1.9,3.25,3.6,1.9,3.25,4,1.8,3.2,3.7,1.91,3.5,4,1.9,3.25,3.75,1.8,3.25,3.8,1.9,3.25,4.33,1.85,3.25,3.75,1.91,3.3,4,41,1.95,1.86,3.57,3.32,4.5,3.95,33,2.04,1.93,1.88,1.8,19,-0.5,1.96,1.92,1.99,1.95
E1,27/09/08,Doncaster,Southampton,0,2,A,0,0,D,M Russell,11,6,5,3,6,10,7,5,0,0,0,0,2,3.3,3.8,2.1,3.2,3.1,2.1,3.25,3.3,2.1,3.1,3,2.1,3.3,3.5,2,3.25,3.4,2.1,3.2,3,2.1,3.25,3.6,1.9,3.25,3.5,2.1,3.3,3.4,41,2.15,2.06,3.45,3.27,3.86,3.35,33,2.19,2.06,1.74,1.68,19,0,1.53,1.49,2.6,2.47
E1,27/09/08,Ipswich,Crystal Palace,1,1,D,1,1,D,D Deadman,11,16,6,7,11,15,11,6,2,2,0,0,1.83,3.5,4.33,1.85,3.3,3.75,1.85,3.25,4.2,1.85,3.2,3.5,1.8,3.5,4.5,1.8,3.25,4.2,1.73,3.25,4.2,1.83,3.4,4.5,1.85,3.5,4.5,1.91,3.3,4,40,1.91,1.83,3.55,3.34,4.65,4.08,33,2,1.91,1.96,1.81,18,-0.5,1.88,1.84,2.1,2.03
E1,27/09/08,Plymouth,Nott'm Forest,1,0,H,1,0,H,K Wright,12,12,5,8,20,22,2,6,1,3,0,1,2,3.3,3.8,2,3.2,3.35,2,3.25,3.6,2,3.2,3.1,1.91,3.5,4,2,3.25,3.4,2.1,3.2,3,2,3.3,3.8,1.85,3.3,3.75,2.05,3.3,3.5,41,2.15,2.01,3.5,3.27,4,3.48,33,2.1,1.96,1.9,1.78,19,-0.5,2.17,2.1,1.84,1.77
E1,27/09/08,QPR,Derby,0,2,A,0,0,D,A Taylor,7,11,1,9,9,11,2,8,1,1,0,0,1.8,3.5,4.5,1.8,3.3,4,1.8,3.3,4.33,1.7,3.3,4,1.8,3.5,4.5,1.7,3.4,4.5,1.67,3.4,4.33,1.8,3.5,4.5,1.7,3.4,4.35,1.73,3.5,4.5,41,1.8,1.76,3.84,3.4,4.85,4.35,32,2.05,1.95,1.9,1.78,19,0,1.33,1.3,3.75,3.33
E1,27/09/08,Reading,Swansea,4,0,H,3,0,H,S Mathieson,13,7,5,1,14,10,9,9,1,1,0,0,1.73,3.5,5,1.7,3.4,4.4,1.75,3.4,4.5,1.7,3.3,4,1.73,3.5,5,1.75,3.4,4.2,1.67,3.4,4.33,1.73,3.5,5,1.65,3.4,4.5,1.73,3.4,4.75,41,1.81,1.72,3.77,3.44,5.1,4.56,33,1.91,1.8,2.04,1.93,19,-0.75,2.08,2.04,1.9,1.83
E1,27/09/08,Sheffield United,Watford,2,1,H,1,0,H,M Halsey,12,4,7,2,9,12,10,5,0,0,0,0,1.8,3.5,4.5,1.85,3.3,3.7,1.85,3.25,4.2,1.9,3.2,3.4,1.83,3.4,4.5,1.8,3.25,4.2,1.73,3.25,4.2,1.83,3.4,4.5,1.8,3.3,4,1.83,3.3,4.2,40,1.91,1.83,3.75,3.33,4.7,4.08,31,2.05,1.94,1.92,1.79,19,-0.5,1.9,1.83,2.1,2.04
E1,27/09/08,Wolves,Bristol City,2,0,H,1,0,H,P Crossley,21,10,9,7,17,13,8,2,1,1,0,0,1.73,3.5,5,1.7,3.4,4.4,1.73,3.4,4.6,1.65,3.4,4.2,1.73,3.5,5,1.65,3.4,5,1.67,3.4,4.33,1.73,3.5,5,1.7,3.4,4.35,1.7,3.5,5,41,1.88,1.71,3.59,3.41,5,4.65,33,1.9,1.81,2.05,1.92,19,-0.75,2.17,2.09,1.84,1.78
E1,30/09/08,Bristol City,Plymouth,2,2,D,0,2,A,I Williamson,15,6,10,4,14,10,8,1,2,1,0,0,1.9,3.5,4,1.8,3.3,4,1.85,3.3,4,1.8,3.2,3.7,1.8,3.3,3.75,1.8,3.4,4,1.73,3.4,4,1.83,3.4,4.5,1.8,3.25,4,1.91,3.3,4,42,1.93,1.83,3.54,3.33,4.61,4.11,33,2.08,1.97,1.85,1.76,20,-0.5,1.93,1.88,2.03,1.97
E1,30/09/08,Burnley,Watford,3,2,H,1,2,A,S Bratt,12,7,5,5,12,20,4,8,0,0,0,0,1.91,3.5,4,2,3.25,3.3,2,3.25,3.5,1.9,3.2,3.4,1.8,3.3,3.75,2,3.25,3.4,1.91,3.2,3.5,2,3.4,3.75,1.85,3.25,3.75,1.95,3.3,3.75,42,2,1.91,3.55,3.31,4.5,3.79,33,2.13,2,1.81,1.73,20,-0.5,2.01,1.92,1.99,1.93
E1,30/09/08,Cardiff,Coventry,2,1,H,1,0,H,R East,14,8,9,4,12,10,5,6,0,2,0,0,2,3.4,3.75,2,3.2,3.35,2,3.25,3.5,2,3.2,3.1,1.91,3.25,3.4,2,3.2,3.5,1.91,3.2,3.5,2,3.4,3.75,1.9,3.25,3.5,1.91,3.3,3.8,42,2.03,1.96,3.5,3.29,4.03,3.62,33,2.26,2.12,1.68,1.65,20,-0.5,2.03,1.99,1.93,1.86
E1,30/09/08,Crystal Palace,Charlton,1,0,H,0,0,D,M Russell,12,7,4,3,14,15,11,5,0,0,0,0,2.2,3.3,3.25,2.25,3.2,2.85,2.3,3.2,2.9,2.2,3.1,2.8,2.2,3.2,2.8,2.3,3.2,2.8,2.25,3.2,2.75,2.38,3.25,3,2.3,3.25,2.7,2.25,3.3,3,41,2.37,2.26,3.4,3.24,3.32,2.94,32,2.27,2.13,1.7,1.64,19,0,1.67,1.62,2.45,2.2
E1,30/09/08,Derby,Birmingham,1,1,D,0,1,A,M Oliver,11,9,5,2,13,19,3,6,3,0,0,0,2.8,3.3,2.5,2.7,3.2,2.35,2.75,3.2,2.4,2.6,3.1,2.3,2.6,3.2,2.38,2.8,3.2,2.3,2.8,3.2,2.2,2.88,3.4,2.4,2.7,3.2,2.35,2.8,3.25,2.38,42,3.05,2.77,3.46,3.25,2.5,2.38,33,2.36,2.05,1.8,1.7,20,0,2.19,2.04,1.8,1.73
E1,30/09/08,Doncaster,Sheffield United,0,2,A,0,1,A,A Bates,8,8,2,4,7,9,4,3,1,2,0,0,2.62,3.3,2.6,2.45,3.2,2.55,2.65,3.2,2.5,2.5,3.1,2.4,2.6,3.2,2.38,2.6,3.2,2.5,2.5,3.1,2.5,2.8,3.3,2.5,2.6,3.2,2.4,2.8,3.2,2.4,42,2.96,2.68,3.4,3.22,2.6,2.47,33,2.2,2.1,1.71,1.66,20,0,2.13,2.01,1.83,1.78
E1,30/09/08,Ipswich,Barnsley,3,0,H,1,0,H,K Friend,17,13,12,8,9,22,6,18,0,2,0,0,1.67,3.5,5.5,1.65,3.4,4.7,1.67,3.4,5,1.6,3.4,4.6,1.62,3.5,4.5,1.65,3.4,5,1.62,3.5,4.5,1.67,3.6,5.5,1.65,3.4,4.5,1.67,3.5,5.5,42,1.75,1.66,3.75,3.46,5.65,5.05,33,1.98,1.87,1.96,1.85,20,-0.75,1.96,1.92,1.98,1.94
E1,30/09/08,Preston,Swansea,0,2,A,0,1,A,C Boyeson,18,6,9,3,15,12,9,3,0,0,0,0,1.91,3.4,4,1.75,3.35,4.2,1.85,3.3,4,1.8,3.2,3.7,1.73,3.2,4.33,1.85,3.25,4,1.8,3.3,3.75,1.83,3.4,4.5,1.85,3.25,3.75,1.83,3.3,4.2,41,2.05,1.86,3.5,3.31,4.5,4.02,33,2.1,1.98,1.83,1.76,19,-0.5,2.06,1.99,1.95,1.86
E1,30/09/08,QPR,Blackpool,1,1,D,0,1,A,G Hegley,19,7,7,4,9,14,10,6,1,0,0,0,1.67,3.5,5.5,1.6,3.45,5.1,1.62,3.4,5.5,1.6,3.4,4.6,1.62,3.5,4.5,1.6,3.4,5.5,1.57,3.5,5,1.62,3.6,6,1.55,3.5,5.5,1.67,3.5,5.5,41,1.73,1.65,3.82,3.49,5.66,5.15,32,1.95,1.88,1.99,1.85,19,-0.75,1.93,1.88,2.03,1.98
E1,30/09/08,Sheffield Weds,Nott'm Forest,1,0,H,0,0,D,A D'Urso,12,7,5,4,5,7,8,7,0,0,0,0,1.91,3.4,4,1.9,3.25,3.6,1.9,3.3,3.85,1.8,3.3,3.6,1.83,3.2,3.75,1.85,3.25,4,1.91,3.2,3.5,1.91,3.25,4.33,1.85,3.25,3.75,1.91,3.3,4,42,1.95,1.89,3.41,3.29,4.61,3.92,32,2.12,1.97,1.82,1.76,20,-0.5,1.96,1.93,1.98,1.92
E1,30/09/08,Southampton,Norwich,2,0,H,1,0,H,R Beeby,20,12,10,6,17,19,4,7,0,2,0,1,2.5,3.3,2.75,2.3,3.2,2.75,2.3,3.25,2.85,2.3,3.1,2.6,2.25,3.2,2.75,2.3,3.2,2.8,2.3,3.2,2.62,2.4,3.4,2.88,2.2,3.25,2.8,2.38,3.25,2.88,42,2.5,2.35,3.47,3.24,3,2.81,33,2.23,2.08,1.72,1.68,20,0,1.8,1.73,2.15,2.07
E1,30/09/08,Wolves,Reading,0,3,A,0,1,A,R Shoebridge,15,6,10,3,12,4,5,12,1,0,0,0,2.1,3.25,3.6,2,3.2,3.35,1.95,3.3,3.6,1.9,3.2,3.4,1.8,3.3,3.75,2,3.2,3.5,1.91,3.2,3.5,2,3.4,3.75,1.9,3.25,3.6,1.95,3.3,3.75,42,2.23,2.03,3.4,3.26,3.75,3.45,33,1.81,1.72,2.17,2.03,20,0,1.56,1.48,2.75,2.53
E1,04/10/08,Barnsley,Doncaster,4,1,H,0,1,A,S Tanner,12,9,7,7,17,14,4,7,4,2,1,0,2.38,3.4,2.88,2.2,3.2,2.9,2.3,3.25,2.9,2,3.2,3.1,2.3,3.3,3.1,2.3,3.2,2.8,2.3,3.1,2.75,2.25,3.25,2.88,2.25,3.3,2.75,2.2,3.3,3,39,2.42,2.28,3.4,3.24,3.15,2.89,31,2.38,2.17,1.68,1.62,18,0,1.77,1.68,2.2,2.14
E1,04/10/08,Birmingham,QPR,1,0,H,1,0,H,A D'Urso,10,7,7,3,10,14,7,4,1,1,0,0,1.8,3.5,4.5,1.75,3.35,3.2,1.83,3.3,4.25,1.75,3.3,3.8,1.73,3.5,5,1.8,3.25,4.2,1.91,3.2,3.5,1.8,3.2,4.33,1.7,3.4,4.35,1.85,3.3,4.2,38,1.93,1.81,3.5,3.33,5,4.2,31,2.12,2.01,1.86,1.74,17,-0.5,1.93,1.86,2.06,2.01
E1,04/10/08,Blackpool,Cardiff,1,1,D,0,0,D,N Miller,10,12,7,7,6,2,3,7,1,1,0,0,2.38,3.4,2.88,2.35,3.2,2.7,2.4,3.25,2.75,2.3,3.1,2.6,2.5,3.3,2.8,2.4,3.2,2.7,2.38,3.1,2.62,2.38,3.2,2.75,2.4,3.2,2.6,2.3,3.25,2.88,39,2.6,2.39,3.5,3.23,2.99,2.74,31,2.3,2.2,1.7,1.61,18,0,1.84,1.76,2.1,2.03
E1,04/10/08,Charlton,Ipswich,2,1,H,1,1,D,G Hegley,10,9,6,4,13,13,2,5,2,0,0,0,2.25,3.4,3.1,2.15,3.2,3,2.25,3.25,3,2.1,3.1,3,2.3,3.3,3.1,2.2,3.2,3,2.25,3.2,2.75,2.1,3.2,3.2,2.25,3.2,2.9,2.25,3.3,2.88,39,2.41,2.21,3.5,3.25,3.25,3.01,31,2,1.89,1.99,1.83,18,0,1.74,1.64,2.33,2.18
E1,04/10/08,Coventry,Southampton,4,1,H,2,0,H,M Jones,11,21,6,10,14,7,5,5,1,2,0,0,1.91,3.4,4,1.9,3.25,3.6,1.91,3.3,3.8,1.9,3.2,3.4,2,3.4,3.75,1.9,3.25,3.75,1.91,3.2,3.5,1.91,3.25,3.75,1.9,3.25,3.6,2,3.3,3.5,37,2.08,1.93,3.6,3.29,4.2,3.75,30,2.24,2.08,1.75,1.68,16,-0.5,2.08,2,1.88,1.86
E1,04/10/08,Norwich,Derby,1,2,A,0,1,A,D Deadman,9,8,3,4,9,12,4,4,1,4,0,1,2.25,3.25,3.2,2.25,3.2,2.85,2.3,3.25,2.9,2.3,3.1,2.6,2.4,3.3,2.9,2.25,3.2,2.9,2.15,3.2,2.9,2.38,3.2,2.75,2.2,3.2,3,2.38,3.25,2.75,38,2.4,2.29,3.4,3.24,3.24,2.88,31,2.28,2.16,1.7,1.63,18,-0.25,2.1,2.01,1.92,1.86
E1,04/10/08,Nott'm Forest,Crystal Palace,0,2,A,0,1,A,R Beeby,19,9,9,8,12,16,14,5,3,3,0,0,2.4,3.4,2.8,2.3,3.2,2.75,2.4,3.25,2.75,2.4,3.1,2.5,2.6,3.3,2.62,2.4,3.2,2.7,2.4,3.1,2.6,2.38,3.2,2.75,2.4,3.2,2.6,2.6,3.25,2.5,38,2.6,2.43,3.4,3.23,2.92,2.69,31,2.16,2.01,1.82,1.74,18,0,1.86,1.81,2.11,1.98
E1,04/10/08,Plymouth,Sheffield Weds,4,0,H,3,0,H,R East,9,10,6,6,8,12,3,6,0,0,0,0,2.1,3.4,3.4,2.15,3.2,3,2.2,3.25,3.1,2.1,3.1,3,2.1,3.25,3.6,2.2,3.2,3,2.1,3.2,3,2.2,3.2,3,2.1,3.25,3,2.25,3.3,2.88,39,2.25,2.15,3.45,3.24,3.6,3.13,31,2.23,2.07,1.8,1.69,18,-0.25,1.88,1.84,2.07,2.03
E1,04/10/08,Reading,Burnley,3,1,H,1,0,H,K Friend,8,12,3,5,8,14,6,6,1,3,0,1,1.62,3.75,5.5,1.6,3.45,5,1.65,3.5,5.25,1.7,3.3,4,1.67,3.75,5,1.6,3.5,5.25,1.57,3.5,5,1.62,3.5,5,1.65,3.4,4.5,1.67,3.5,5,39,1.67,1.63,3.98,3.53,6,5.16,31,1.77,1.71,2.17,2.03,19,-0.75,1.87,1.82,2.08,2.05
E1,04/10/08,Sheffield United,Bristol City,3,0,H,1,0,H,K Stroud,14,6,6,1,6,10,6,2,1,2,0,0,1.91,3.4,4,1.95,3.25,3.45,1.91,3.3,3.8,2,3.2,3.1,2,3.4,3.75,1.9,3.25,3.75,1.95,3.25,3.3,1.91,3.25,3.75,1.8,3.25,4,1.91,3.3,3.8,39,1.95,1.91,3.5,3.29,4.34,3.79,31,2.07,1.93,1.91,1.8,18,-0.5,1.95,1.92,2,1.94
E1,04/10/08,Swansea,Wolves,3,1,H,2,1,H,T Kettle,9,7,8,3,14,9,8,2,4,1,0,0,2.8,3.25,2.5,2.9,3.2,2.2,2.8,3.2,2.4,2.8,3.1,2.2,2.88,3.4,2.38,2.9,3.2,2.25,2.62,3.1,2.38,2.75,3.2,2.38,2.5,3.2,2.5,2.75,3.2,2.4,39,2.95,2.76,3.5,3.23,2.62,2.37,31,2.02,1.86,1.95,1.86,18,0,2.1,1.99,1.96,1.81
E1,04/10/08,Watford,Preston,2,1,H,2,1,H,K Wright,7,9,5,6,18,14,7,8,0,2,0,0,2.38,3.4,2.88,2.35,3.2,2.7,2.3,3.25,2.9,2.2,3.1,2.8,2.4,3.4,2.8,2.3,3.2,2.8,2.38,3.1,2.62,2.38,3.2,2.75,2.3,3.25,2.75,2.38,3.25,2.75,39,2.5,2.35,3.46,3.25,3.02,2.77,31,2,1.91,1.98,1.82,18,0,1.76,1.71,2.2,2.07
E1,18/10/08,Bristol City,Norwich,1,0,H,0,0,D,A Hall,15,13,9,6,17,13,6,6,2,2,0,0,2,3.3,3.8,1.85,3.3,3.75,1.9,3.3,3.75,1.8,3.2,3.7,1.91,3.5,4,1.9,3.25,3.75,1.83,3.2,3.75,1.91,3.25,3.75,1.85,3.25,3.75,2,3.3,3.6,41,2.05,1.92,3.5,3.29,4.05,3.8,33,2.23,2.08,1.75,1.68,17,-0.5,2.05,2.01,1.91,1.86
E1,18/10/08,Burnley,Birmingham,1,1,D,1,0,H,L Probert,11,6,4,4,15,12,6,2,2,1,0,0,2.88,3.3,2.4,2.85,3.2,2.25,2.8,3.2,2.35,2.5,3.1,2.4,3,3.25,2.38,2.8,3.2,2.3,2.8,3.2,2.2,2.88,3.25,2.25,2.65,3.2,2.35,2.88,3.2,2.4,41,3,2.82,3.4,3.23,2.55,2.35,33,2.13,2.01,1.81,1.74,17,0,2.13,2.06,1.82,1.75
E1,18/10/08,Cardiff,Charlton,2,0,H,1,0,H,K Friend,14,7,6,2,9,12,6,5,1,2,0,2,2.1,3.3,3.5,2.15,3.2,3,2.1,3.25,3.25,2,3.2,3.1,2,3.4,3.75,2.1,3.2,3.2,2.05,3.1,3.2,2,3.25,3.4,2,3.25,3.25,2.05,3.3,3.5,40,2.15,2.08,3.43,3.26,3.75,3.32,32,2.32,2.12,1.73,1.64,17,-0.25,1.85,1.82,2.1,2.06
E1,18/10/08,Crystal Palace,Barnsley,3,0,H,1,0,H,A Bates,12,6,4,3,14,14,7,3,0,1,0,0,1.8,3.5,4.5,1.7,3.4,4.4,1.7,3.5,4.6,1.75,3.3,3.8,1.73,3.5,5,1.7,3.4,4.5,1.67,3.3,4.5,1.67,3.5,4.5,1.7,3.6,4.7,1.73,3.5,5,39,1.85,1.72,3.6,3.44,5.41,4.69,32,2.12,2.01,1.83,1.73,17,-0.75,2.06,2.04,1.9,1.84
E1,18/10/08,Derby,Plymouth,2,1,H,1,1,D,C Webster,10,13,7,7,12,7,6,3,0,0,0,0,1.91,3.4,4,1.85,3.3,3.75,1.9,3.3,3.75,1.9,3.2,3.4,2,3.2,4,1.9,3.25,3.75,1.91,3.2,3.5,1.83,3.25,4,2,3.25,3.25,1.91,3.3,4,41,2.05,1.93,3.45,3.28,4.5,3.78,33,2.15,1.97,1.85,1.76,17,-0.5,2.06,2,1.95,1.87
E1,18/10/08,Doncaster,Blackpool,0,0,D,0,0,D,D Drysdale,10,5,3,2,17,13,5,4,2,1,0,0,2.4,3.25,2.9,2.25,3.2,2.85,2.35,3.2,2.8,2.4,3.1,2.5,2.5,3.3,2.8,2.3,3.2,2.8,2.38,3.1,2.62,2.25,3.25,2.88,2.35,3.25,2.65,2.4,3.2,2.88,40,2.5,2.35,3.4,3.22,3.1,2.83,32,2.37,2.18,1.67,1.61,17,-0.25,2.11,2.05,1.85,1.82
E1,18/10/08,Ipswich,Swansea,2,2,D,1,0,H,J Moss,20,13,9,6,15,12,10,3,3,2,0,0,2,3.3,3.8,1.9,3.25,3.6,2,3.2,3.6,1.9,3.2,3.4,2,3.2,4,1.95,3.25,3.6,2,3.1,3.3,2,3.25,3.4,2,3.25,3.3,2.1,3.3,3.4,41,2.1,1.98,3.5,3.27,4.4,3.61,33,1.98,1.9,1.98,1.83,17,-0.5,2.05,2,1.92,1.87
E1,18/10/08,Preston,Reading,2,1,H,0,1,A,N Miller,11,12,4,8,11,4,5,12,2,0,0,0,2.88,3.3,2.4,2.7,3.2,2.35,2.8,3.2,2.35,2.6,3.1,2.3,2.88,3.4,2.38,2.8,3.2,2.3,2.62,3.1,2.38,2.88,3.25,2.25,2.65,3.25,2.35,2.88,3.25,2.38,40,3,2.8,3.51,3.25,2.5,2.35,33,1.8,1.72,2.23,2.02,17,0,2.18,2.1,1.78,1.72
E1,18/10/08,QPR,Nott'm Forest,2,1,H,0,0,D,F Graham,14,14,9,9,12,22,4,7,2,2,0,0,1.62,3.75,5.5,1.6,3.5,5,1.65,3.5,5,1.55,3.5,4.8,1.57,3.8,6,1.6,3.5,5.25,1.57,3.5,5,1.57,3.5,5.5,1.55,3.4,5.5,1.62,3.6,5.5,41,1.7,1.62,3.87,3.53,6,5.32,33,2.15,2.05,1.78,1.7,17,-0.75,1.9,1.86,2.06,2.01
E1,18/10/08,Southampton,Watford,0,3,A,0,3,A,T Kettle,10,9,3,5,14,18,9,8,1,4,0,0,2.25,3.25,3.2,2.2,3.2,2.9,2.2,3.25,3,2.2,3.1,2.8,2.2,3.3,3.3,2.2,3.2,3,2.15,3.1,3,2.1,3.2,3.2,2.2,3.2,3,2.2,3.3,3.2,41,2.32,2.21,3.4,3.25,3.3,3.04,33,1.95,1.86,1.96,1.86,17,-0.25,2.01,1.97,1.92,1.89
E1,18/10/08,Wolves,Coventry,2,1,H,1,1,D,S Bennett,12,16,10,9,20,16,5,5,4,5,0,0,1.73,3.5,5,1.75,3.3,4.4,1.75,3.4,4.5,1.75,3.3,3.8,1.73,3.5,5,1.7,3.4,4.5,1.73,3.1,4.5,1.67,3.5,4.5,1.65,3.5,4.5,1.73,3.4,4.75,40,1.8,1.74,3.68,3.4,5.1,4.52,33,1.84,1.77,2.07,1.95,17,-0.5,1.77,1.74,2.23,2.16
E1,19/10/08,Sheffield Weds,Sheffield United,1,0,H,1,0,H,M Dean,18,14,8,8,18,14,10,7,3,3,1,1,2.62,3.25,2.62,2.55,3.15,2.5,2.5,3.25,2.6,2.45,3.1,2.45,2.75,3.2,2.6,2.5,3.2,2.6,2.5,3.1,2.5,2.6,3.2,2.5,2.65,3.3,2.5,2.5,3.2,2.75,39,2.75,2.58,3.4,3.2,2.76,2.59,31,2.08,1.99,1.86,1.75,16,0,2,1.9,2,1.9
E1,21/10/08,Barnsley,Sheffield Weds,2,1,H,1,0,H,P Crossley,11,6,6,2,16,15,4,3,2,2,0,1,2.5,3.3,2.75,2.3,3.2,2.75,2.5,3.25,2.63,2.4,3.1,2.5,2.4,3.25,2.5,2.5,3.2,2.6,2.38,3.1,2.62,2.6,3.2,2.75,2.38,3.25,2.63,2.6,3.25,2.6,43,2.62,2.47,3.5,3.25,3,2.69,34,2.15,2.01,1.83,1.74,21,0,1.88,1.8,2.14,1.99
E1,21/10/08,Birmingham,Crystal Palace,1,0,H,0,0,D,N Miller,16,6,6,2,6,16,6,3,0,1,0,0,1.73,3.5,5,1.7,3.25,4.65,1.73,3.5,4.5,1.7,3.3,4,1.57,3.5,5,1.65,3.4,5,1.57,3.5,5,1.83,3.25,4.8,1.65,3.4,4.5,1.8,3.3,4.5,43,1.82,1.71,3.75,3.46,5.14,4.75,34,2.15,2.02,1.8,1.72,21,-0.75,2.1,2.03,1.86,1.84
E1,21/10/08,Blackpool,Derby,3,2,H,2,0,H,A Hall,16,15,12,9,15,11,4,5,0,2,0,0,2.62,3.3,2.62,2.5,3.2,2.5,2.5,3.25,2.63,2.6,3.1,2.3,2.6,3.2,2.38,2.5,3.2,2.7,2.4,3.1,2.6,2.75,3.2,2.6,2.5,3.2,2.5,2.6,3.25,2.6,43,2.65,2.53,3.5,3.22,2.96,2.63,34,2.25,2.14,1.7,1.63,21,0,1.88,1.83,2.06,1.94
E1,21/10/08,Charlton,Bristol City,0,2,A,0,1,A,C Penton,22,17,13,10,11,18,9,5,0,0,0,0,2.2,3.3,3.3,2.2,3,3.1,2.25,3.25,3,2.2,3.1,2.8,2.2,3.25,2.75,2.2,3.2,3,2.25,3.2,2.75,2.25,3.25,3.2,2.25,3.25,2.75,2.25,3.3,3,42,2.41,2.22,3.5,3.26,3.3,3.05,34,2.08,1.98,1.85,1.76,21,0,1.7,1.64,2.31,2.18
E1,21/10/08,Coventry,Burnley,1,3,A,1,0,H,M Thorpe,16,18,8,8,15,18,3,6,3,3,0,0,2.2,3.3,3.25,2.1,3.2,3.1,2.1,3.25,3.25,2.2,3.1,2.8,2.2,3.25,2.75,2.1,3.2,3.2,2.1,3.2,3,2.3,3.2,3.2,2.1,3.25,3,2.2,3.3,3.2,43,2.33,2.17,3.53,3.27,3.4,3.14,34,2.02,1.93,1.9,1.8,21,-0.25,2.02,1.97,1.94,1.9
E1,21/10/08,Norwich,Wolves,5,2,H,2,1,H,G Horwood,13,13,8,5,13,16,2,4,1,2,0,1,3.1,3.25,2.3,3.3,3,2.1,3,3.25,2.25,2.8,3.1,2.2,2.75,3.25,2.2,3,3.2,2.2,2.62,3.2,2.3,3,3.25,2.38,2.88,3.25,2.2,3,3.3,2.25,41,3.48,3.03,3.5,3.25,2.38,2.24,34,1.96,1.86,1.97,1.87,20,0,2.45,2.2,1.67,1.64
E1,21/10/08,Nott'm Forest,Ipswich,1,1,D,1,0,H,G Laws,6,7,4,4,12,13,5,6,1,1,0,0,2.62,3.3,2.62,2.5,3.2,2.5,2.63,3.25,2.5,2.5,3.1,2.4,2.5,3.25,2.4,2.5,3.2,2.6,2.5,3.1,2.5,2.63,3.25,2.7,2.6,3.2,2.4,2.7,3.25,2.5,42,2.75,2.61,3.45,3.23,2.78,2.56,34,2.08,1.94,1.88,1.79,20,0,1.97,1.9,2,1.88
E1,21/10/08,Plymouth,Preston,1,0,H,1,0,H,A Penn,15,10,7,4,9,11,6,4,1,1,0,0,2.1,3.3,3.5,2.15,3.2,3,2.2,3.25,3.1,2.2,3.1,2.8,2.2,3.25,2.75,2.2,3.2,3,2.25,3.2,2.75,2.25,3.25,3.2,2.1,3.25,3.1,2.25,3.3,3.1,43,2.3,2.17,3.67,3.28,3.47,3.13,34,1.96,1.86,1.99,1.86,21,0,1.62,1.59,2.47,2.26
E1,21/10/08,Reading,Doncaster,2,1,H,1,0,H,D Deadman,6,3,2,2,10,12,8,8,1,2,0,0,1.4,4.33,8.5,1.35,3.95,8.55,1.44,4,7,1.4,3.9,6,1.44,3.6,6.5,1.45,3.75,7,1.4,3.75,7,1.44,4.33,7.5,1.4,3.75,7.5,1.44,3.8,8,43,1.45,1.4,4.98,4.07,9.41,8.02,35,1.73,1.66,2.33,2.09,19,-1.25,1.88,1.85,2.06,2.03
E1,21/10/08,Sheffield United,Southampton,0,0,D,0,0,D,C Oliver,18,13,12,7,12,9,14,5,1,1,0,1,1.62,3.6,6,1.6,3.5,5,1.67,3.5,5,1.65,3.3,4.4,1.57,3.5,5,1.65,3.4,5,1.62,3.5,4.5,1.67,3.4,6,1.55,3.4,5.5,1.67,3.5,5.5,43,1.67,1.63,4,3.51,6.52,5.36,34,1.92,1.83,2,1.9,21,-0.75,1.85,1.78,2.17,2.1
E1,21/10/08,Swansea,QPR,0,0,D,0,0,D,A Bates,13,1,4,0,6,10,17,1,0,6,0,0,2.25,3.25,3.2,2.3,3.2,2.75,2.25,3.25,3,2.3,3.1,2.6,2.2,3.25,2.75,2.3,3.2,2.8,2.25,3.2,2.75,2.38,3.25,3,2.25,3.25,2.75,2.38,3.25,2.88,43,2.38,2.27,3.42,3.26,3.44,2.97,34,2,1.91,1.95,1.82,21,0,1.73,1.65,2.33,2.17
E1,21/10/08,Watford,Cardiff,2,2,D,2,0,H,R Beeby,6,18,5,10,13,11,1,13,0,1,1,0,2.3,3.3,3,2.2,3.2,2.9,2.38,3.25,2.75,2.2,3.1,2.8,2.38,3.2,2.6,2.3,3.2,2.8,2.3,3.2,2.62,2.4,3.2,3,2.35,3.2,2.75,2.38,3.25,2.88,43,2.5,2.34,3.4,3.24,3.17,2.86,34,2.1,1.95,1.89,1.79,21,0,1.75,1.7,2.23,2.09
E1,25/10/08,Barnsley,Bristol City,0,0,D,0,0,D,M Russell,12,3,5,0,8,10,6,4,1,2,0,0,2.62,3.3,2.62,2.5,3.15,2.55,2.5,3.25,2.63,2.4,3.1,2.5,2.5,3.2,2.5,2.45,3.25,2.6,2.62,3.1,2.38,2.5,3.2,2.6,2.5,3.25,2.5,2.6,3.25,2.5,40,2.74,2.58,3.44,3.24,2.75,2.57,29,2.14,1.98,1.85,1.76,17,0,2.02,1.9,1.94,1.88
E1,25/10/08,Birmingham,Sheffield Weds,3,1,H,3,1,H,P Taylor,12,10,8,4,13,14,4,4,2,2,0,1,1.6,3.75,6,1.6,3.5,5,1.57,3.5,6,1.55,3.5,4.8,1.57,3.5,5,1.6,3.5,5.2,1.5,3.5,6,1.53,3.6,6,1.53,3.5,6,1.57,3.5,6,40,1.65,1.58,3.89,3.61,6.65,5.76,30,2.1,1.97,1.88,1.77,17,0,1.2,1.18,4.5,4.29
E1,25/10/08,Blackpool,Crystal Palace,2,2,D,0,1,A,A Taylor,10,7,4,3,7,18,5,3,1,1,0,0,2.38,3.25,3,2.45,3.1,2.65,2.38,3.25,2.75,2.2,3.1,2.8,2.38,3.2,2.6,2.3,3.2,2.8,2.38,3.1,2.62,2.38,3.2,2.75,2.25,3.25,2.75,2.5,3.25,2.6,40,2.5,2.39,3.41,3.24,3,2.79,30,2.25,2.13,1.7,1.64,17,0,1.84,1.77,2.1,2
E1,25/10/08,Charlton,Burnley,1,1,D,0,1,A,R Shoebridge,15,10,3,4,11,13,5,7,1,1,0,0,2.5,3.3,2.75,2.3,3.2,2.75,2.38,3.25,2.75,2.2,3.1,2.8,2.25,3.2,2.75,2.35,3.2,2.75,2.2,3.2,2.8,2.5,3.2,2.6,2.4,3.25,2.6,2.4,3.25,2.7,39,2.65,2.4,3.4,3.26,2.91,2.76,30,2.07,1.98,1.91,1.76,17,0,1.83,1.75,2.14,2.02
E1,25/10/08,Coventry,Derby,1,1,D,0,1,A,I Williamson,21,8,10,5,12,14,6,2,2,2,0,0,2.38,3.25,3,2.3,3.1,2.9,2.38,3.25,2.75,2.3,3.1,2.6,2.38,3.2,2.6,2.3,3.2,2.8,2.2,3.2,2.8,2.38,3.2,2.75,2.3,3.2,2.75,2.3,3.25,2.88,40,2.5,2.36,3.45,3.25,3,2.84,30,2.05,1.9,1.93,1.82,17,0,1.74,1.7,2.21,2.09
E1,25/10/08,Norwich,Doncaster,2,1,H,0,0,D,C Penton,13,5,7,1,18,13,3,5,5,2,0,0,1.73,3.5,5,1.8,3.3,4,1.73,3.5,4.5,1.8,3.2,3.7,1.73,3.4,4,1.7,3.4,4.5,1.73,3.4,4,1.73,3.4,4.33,1.67,3.4,4.5,1.8,3.4,4.2,38,1.83,1.74,3.7,3.44,5.28,4.55,30,2.15,1.98,1.84,1.76,17,-0.75,2,1.95,1.96,1.92
E1,25/10/08,Nott'm Forest,Cardiff,0,1,A,0,0,D,K Stroud,12,8,7,2,15,14,6,2,0,2,0,0,2.75,3.4,2.5,2.75,3.2,2.3,2.75,3.25,2.38,2.6,3.1,2.3,2.6,3.2,2.38,2.7,3.2,2.4,2.62,3.2,2.3,2.75,3.2,2.38,2.75,3.25,2.3,2.6,3.25,2.5,39,2.9,2.76,3.4,3.26,2.7,2.41,30,2.23,2.07,1.7,1.68,17,0,2.03,1.97,1.91,1.82
E1,25/10/08,Plymouth,Ipswich,1,3,A,0,2,A,P Miller,7,15,5,11,15,17,2,5,6,4,0,1,2.2,3.3,3.25,2.25,3.2,2.85,2.2,3.25,3.1,2.2,3.1,2.8,2.1,3.2,3,2.1,3.2,3.2,2.3,3.2,2.62,2.2,3.2,3,2.2,3.25,2.88,2.1,3.25,3.25,40,2.3,2.17,3.58,3.28,3.4,3.13,30,2.02,1.88,1.93,1.84,17,-0.25,1.95,1.91,2.03,1.96
E1,25/10/08,Reading,QPR,0,0,D,0,0,D,C Foy,8,7,4,6,7,10,14,4,1,1,0,0,1.67,3.6,5.25,1.7,3.5,4.25,1.73,3.5,4.5,1.8,3.2,3.7,1.73,3.2,4.33,1.65,3.4,5,1.8,3.3,3.75,1.73,3.4,4.33,1.7,3.5,5,1.8,3.4,4.2,38,1.75,1.7,3.62,3.46,6,4.84,31,1.8,1.7,2.23,2.05,16,-0.75,1.9,1.86,2.08,2.01
E1,25/10/08,Sheffield United,Preston,1,0,H,0,0,D,D Whitestone,16,13,8,9,9,13,2,7,3,3,0,0,1.8,3.5,4.5,1.85,3.3,3.75,1.83,3.4,4,1.85,3.2,3.5,1.83,3.2,3.75,1.75,3.4,4.2,1.83,3.2,3.75,1.83,3.25,4,1.8,3.4,3.75,1.83,3.4,4,40,1.91,1.83,3.51,3.36,4.78,4.19,30,2.08,1.95,1.86,1.78,17,-0.5,1.91,1.84,2.08,2.03
E1,25/10/08,Swansea,Southampton,3,0,H,1,0,H,P Walton,12,4,5,3,6,11,3,4,1,2,0,0,1.73,3.6,4.75,1.8,3.3,4,1.83,3.4,4,1.8,3.2,3.7,1.8,3.3,3.75,1.7,3.4,4.5,1.73,3.25,4.2,1.8,3.2,4.33,1.67,3.4,4.5,1.8,3.4,4.2,40,1.83,1.77,3.78,3.43,4.85,4.39,30,1.93,1.86,2.01,1.86,17,0,1.36,1.31,3.44,3.26
E1,25/10/08,Watford,Wolves,2,3,A,1,2,A,A Woolmer,9,12,4,5,10,16,5,5,1,3,0,0,2.75,3.3,2.5,2.7,3.15,2.35,2.63,3.25,2.5,2.45,3.1,2.45,2.75,3.25,2.2,2.55,3.2,2.5,2.9,3.2,2.15,2.75,3.2,2.38,2.75,3.25,2.3,2.75,3.25,2.38,40,2.9,2.72,3.4,3.24,2.74,2.45,30,1.76,1.71,2.22,2.03,17,0,2.02,1.96,1.93,1.83
E1,28/10/08,Bristol City,Sheffield United,0,0,D,0,0,D,R Styles,18,12,10,8,11,13,2,8,2,2,0,0,2.3,3.4,3,2.2,3.2,2.9,2.35,3.25,2.8,2.2,3.1,2.8,2.25,3.2,2.75,2.3,3.2,2.8,2.2,3.2,2.8,2.38,3.25,3,2.3,3.25,2.7,2.25,3.25,3,43,2.42,2.3,3.5,3.25,3.15,2.91,32,2.28,2.01,1.8,1.72,19,0,1.72,1.67,2.25,2.14
E1,28/10/08,Burnley,Reading,1,0,H,0,0,D,M Haywood,13,15,6,7,11,10,2,12,0,0,0,0,2.8,3.3,2.5,2.55,3.15,2.5,2.75,3.25,2.4,2.5,3.1,2.4,2.4,3.25,2.5,2.75,3.2,2.35,2.75,3.2,2.25,2.75,3.3,2.5,2.5,3.2,2.5,2.62,3.25,2.5,43,3.06,2.73,3.67,3.26,2.55,2.42,32,1.8,1.74,2.2,1.99,19,0,2.24,2.05,1.8,1.75
E1,28/10/08,Cardiff,Blackpool,2,0,H,0,0,D,R Shoebridge,16,9,8,5,10,8,6,4,1,2,0,0,1.75,3.5,4.75,1.75,3.35,4.1,1.75,3.25,4.75,1.75,3.3,3.8,1.73,3.2,4.33,1.75,3.4,4.2,1.73,3.25,4.2,1.73,3.5,5,1.7,3.4,4.35,1.73,3.4,4.75,43,1.81,1.75,3.6,3.41,5.33,4.56,32,2.19,1.97,1.82,1.76,18,-0.5,1.82,1.78,2.14,2.08
E1,28/10/08,Crystal Palace,Nott'm Forest,1,2,A,0,1,A,A D'Urso,9,6,3,6,7,10,5,5,2,1,0,0,1.62,3.75,5.5,1.65,3.4,4.75,1.62,3.6,5,1.6,3.4,4.6,1.62,3.5,4.5,1.6,3.4,5.5,1.67,3.4,4.33,1.62,3.6,6,1.6,3.4,5,1.67,3.5,5,42,1.67,1.61,3.88,3.57,6.29,5.45,31,2.07,1.93,1.86,1.8,18,-0.75,1.86,1.8,2.1,2.08
E1,28/10/08,Derby,Norwich,3,1,H,2,0,H,N Swarbrick,22,10,11,4,9,5,11,5,0,0,0,0,2,3.4,3.75,2.1,3.2,3.15,2,3.2,3.6,1.8,3.2,3.7,1.8,3.2,4,1.95,3.25,3.6,1.95,3.3,3.2,1.91,3.4,4.1,1.9,3.25,3.5,1.83,3.4,4,43,2.21,2,3.4,3.27,4,3.59,32,2.12,1.97,1.84,1.76,18,-0.5,2.18,2.12,1.8,1.76
E1,28/10/08,Doncaster,Barnsley,0,1,A,0,1,A,A Wiley,15,11,4,4,9,12,3,0,1,1,0,0,2.3,3.3,3,2.25,3.2,2.85,2.35,3.25,2.8,2.3,3.1,2.6,2.38,3.2,2.6,2.25,3.2,2.9,2.25,3.2,2.75,2.38,3.25,3,2.25,3.25,2.75,2.38,3.25,2.8,42,2.5,2.33,3.41,3.24,3.15,2.88,32,2.29,2.04,1.75,1.7,19,0,1.76,1.71,2.16,2.07
E1,28/10/08,Ipswich,Charlton,1,1,D,1,0,H,K Wright,20,9,6,3,10,14,9,3,1,2,0,0,1.8,3.5,4.75,1.85,3.3,3.75,1.85,3.3,4,1.85,3.2,3.5,1.8,3.2,4,1.8,3.4,4,1.91,3.2,3.5,1.83,3.4,4.5,1.83,3.4,3.6,1.83,3.4,4,42,1.91,1.8,3.7,3.38,4.85,4.23,32,2,1.91,1.93,1.82,18,-0.5,1.86,1.83,2.09,2.03
E1,28/10/08,Preston,Watford,2,0,H,1,0,H,M Oliver,12,9,4,3,12,18,4,8,0,0,0,0,2,3.4,3.75,2.05,3.1,3.4,2,3.2,3.6,2,3.2,3.1,1.8,3.3,3.75,1.95,3.25,3.6,1.83,3.2,3.75,2.1,3.3,3.5,2,3.25,3.25,2,3.25,3.6,42,2.17,1.98,3.4,3.26,4.05,3.62,32,1.85,1.8,2.14,1.92,18,-0.5,2.16,2.06,1.83,1.8
E1,28/10/08,QPR,Birmingham,1,0,H,0,0,D,S Attwell,8,6,4,3,11,12,4,6,2,2,1,0,2.62,3.3,2.62,2.75,3.2,2.3,2.6,3.25,2.5,2.5,3.1,2.4,2.5,3.2,2.5,2.55,3.2,2.5,2.4,3.25,2.5,2.75,3.2,2.6,2.65,3.25,2.35,2.8,3.25,2.38,42,2.96,2.69,3.45,3.23,2.62,2.47,31,2.17,2,1.79,1.74,18,0,2.15,2.01,1.83,1.77
E1,28/10/08,Sheffield Weds,Plymouth,0,1,A,0,1,A,G Laws,11,4,5,3,6,15,13,4,0,2,0,0,2.1,3.3,3.5,1.9,3.25,3.6,2.2,3.2,3.1,2.1,3.1,3,2,3.2,3.2,2.2,3.2,3,2,3.2,3.2,2.1,3.3,3.5,2,3.25,3.25,2.2,3.25,3.1,43,2.2,2.11,3.4,3.24,3.78,3.3,32,1.97,1.84,1.95,1.89,18,0,1.6,1.54,2.5,2.33
E1,28/10/08,Southampton,Coventry,1,1,D,0,0,D,F Graham,13,8,6,5,12,7,8,4,3,0,0,0,2.4,3.3,2.9,2.2,3.2,2.9,2.4,3.25,2.75,2.2,3.1,2.8,2.25,3.2,2.75,2.2,3.2,3,2.15,3.2,2.9,2.38,3.25,3,2.3,3.25,2.75,2.3,3.2,3,43,2.5,2.33,3.42,3.24,3.06,2.87,32,2,1.9,1.97,1.82,19,0,1.8,1.73,2.13,2.06
E1,28/10/08,Wolves,Swansea,2,1,H,1,0,H,R Beeby,9,9,6,3,19,16,9,5,0,0,0,0,1.8,3.5,4.5,1.7,3.35,4.5,1.75,3.25,4.75,1.7,3.3,4,1.73,3.2,4.33,1.7,3.4,4.5,1.73,3.25,4.2,1.8,3.5,4.5,1.73,3.3,4.33,1.8,3.6,4,43,1.8,1.74,3.6,3.41,5.37,4.62,32,1.75,1.66,2.26,2.08,18,-0.75,2.02,1.98,1.95,1.89
E1,01/11/08,Bristol City,Reading,1,4,A,0,2,A,J Moss,12,11,6,10,10,10,6,6,1,3,0,0,2.75,3.3,2.5,2.7,3.15,2.35,2.6,3.2,2.5,2.5,3.1,2.4,2.5,3.2,2.5,2.7,3.15,2.4,2.62,3.1,2.38,2.75,3.2,2.38,2.6,3.25,2.4,2.5,3.25,2.6,40,2.82,2.65,3.4,3.22,2.63,2.5,32,1.98,1.86,2,1.87,17,0,2.03,1.95,1.92,1.84
E1,01/11/08,Burnley,Norwich,2,0,H,0,0,D,G Laws,22,7,9,1,7,11,10,2,3,0,0,0,1.73,3.5,5,1.85,3.25,3.8,1.73,3.4,4.4,1.8,3.2,3.7,1.83,3.2,3.75,1.7,3.4,4.5,1.83,3.3,3.6,1.8,3.2,4.33,1.7,3.25,4.5,1.73,3.4,4.75,40,1.89,1.79,3.65,3.37,5,4.37,31,1.98,1.83,1.98,1.89,17,-0.5,1.96,1.86,2.06,2.02
E1,01/11/08,Cardiff,Wolves,1,2,A,1,2,A,S Tanner,10,7,7,4,6,12,6,6,0,0,0,0,2.5,3.25,2.8,2.6,3.05,2.5,2.5,3.2,2.6,2.4,3.1,2.4,2.3,3.25,2.6,2.5,3.2,2.55,2.38,3.1,2.62,2.38,3.2,2.75,2.6,3.1,2.8,2.38,3.25,2.8,39,2.69,2.48,3.3,3.18,2.94,2.72,32,1.8,1.75,2.1,1.98,16,0,1.9,1.78,2.13,2.03
E1,01/11/08,Charlton,Barnsley,1,3,A,0,3,A,N Swarbrick,14,12,9,10,13,18,2,5,1,2,0,0,2,3.3,3.8,1.85,3.25,3.8,1.95,3.25,3.6,1.85,3.2,3.5,1.91,3.25,3.4,2,3.25,3.4,1.8,3.3,3.75,1.83,3.25,4,1.9,3.25,3.5,1.91,3.25,4,39,2.06,1.92,3.4,3.29,4.2,3.83,32,2.21,2.07,1.73,1.68,17,-0.5,2.08,2.05,1.88,1.83
E1,01/11/08,Crystal Palace,Sheffield Weds,1,1,D,0,1,A,K Wright,10,8,3,3,15,8,4,4,1,0,0,0,2,3.3,3.8,1.85,3.25,3.8,1.95,3.25,3.6,1.85,3.2,3.5,1.8,3.3,3.75,1.95,3.25,3.6,1.8,3.3,3.75,1.83,3.25,4,1.85,3.25,3.75,1.83,3.25,4.33,40,2.02,1.89,3.5,3.3,4.33,3.91,32,2.05,1.96,1.9,1.78,17,-0.5,2.01,1.98,1.95,1.9
E1,01/11/08,Doncaster,Swansea,0,0,D,0,0,D,K Stroud,16,14,6,5,14,7,6,7,2,2,0,0,2.75,3.3,2.5,2.65,3.15,2.4,2.7,3.2,2.4,2.6,3.1,2.3,2.6,3.25,2.3,2.8,3.2,2.3,2.62,3.1,2.38,2.6,3.2,2.5,2.65,3.25,2.35,2.62,3.25,2.5,39,3,2.76,3.4,3.23,2.51,2.41,31,2.06,1.97,1.86,1.77,17,0,2.14,2.03,1.81,1.76
E1,01/11/08,Ipswich,QPR,2,0,H,0,0,D,T Kettle,21,10,16,6,13,16,8,5,1,1,0,0,2.2,3.3,3.25,2.25,3.15,2.85,2.2,3.25,3,2.3,3.1,2.6,2.25,3.2,2.75,2.2,3.2,3,2.3,3.2,2.62,2.25,3.25,2.88,2.25,3.25,2.8,2.3,3.3,2.88,40,2.38,2.23,3.42,3.26,3.4,3.02,31,2.1,1.98,1.86,1.76,17,-0.25,2.02,1.93,2,1.95
E1,01/11/08,Preston,Southampton,2,3,A,2,0,H,M Haywood,12,12,5,9,8,6,10,5,0,1,0,0,1.73,3.75,4.5,1.8,3.25,4.05,1.73,3.4,4.4,1.8,3.2,3.7,1.8,3.3,3.75,1.7,3.4,4.5,1.73,3.4,4,1.73,3.4,4.33,1.65,3.4,4.5,1.73,3.4,4.75,39,1.81,1.76,3.6,3.4,5.22,4.5,32,2.1,1.97,1.8,1.75,17,-0.75,2.1,2.05,1.87,1.83
E1,01/11/08,Sheffield United,Plymouth,2,0,H,0,0,D,S Mathieson,11,4,6,2,10,16,5,4,0,2,0,0,1.73,3.6,5,1.75,3.3,4.25,1.75,3.4,4.25,1.75,3.3,3.8,1.73,3.2,4.33,1.7,3.4,4.5,1.67,3.4,4.33,1.73,3.4,4.33,1.7,3.3,4.5,1.73,3.4,4.75,40,1.83,1.75,3.65,3.41,5.1,4.5,31,2.2,2.06,1.81,1.7,17,-0.5,1.81,1.77,2.18,2.11
E1,01/11/08,Watford,Blackpool,3,4,A,2,1,H,R East,8,9,6,8,11,16,4,4,1,4,0,0,1.91,3.4,4,1.9,3.2,3.7,1.91,3.3,3.6,1.9,3.2,3.4,2.1,3.2,3,1.9,3.25,3.75,2,3.2,3.2,1.91,3.25,3.75,1.85,3.25,3.75,2,3.25,3.6,40,2.02,1.96,3.4,3.28,4.15,3.7,31,1.94,1.87,1.97,1.86,17,-0.5,2.02,2,1.91,1.88
E1,02/11/08,Derby,Nott'm Forest,1,1,D,0,0,D,S Attwell,14,6,7,4,15,13,10,7,3,5,0,1,1.67,3.6,5.5,1.65,3.35,4.9,1.7,3.4,4.6,1.65,3.4,4.2,1.73,3.2,4.33,1.65,3.4,5,1.8,3.1,4,1.67,3.25,5,1.73,3.5,4.6,1.73,3.4,4.75,39,1.8,1.72,3.72,3.41,5.5,4.78,31,1.95,1.87,1.97,1.85,16,-0.75,2.05,1.99,1.92,1.88
E1,03/11/08,Birmingham,Coventry,0,1,A,0,0,D,A Bates,18,15,10,8,12,10,8,3,0,2,0,0,1.62,3.6,6,1.6,3.4,5.25,1.6,3.5,5.25,1.55,3.5,4.8,1.53,3.5,5.5,1.55,3.6,5.5,1.57,3.5,5,1.57,3.5,5.5,1.5,3.5,6,1.57,3.5,6,37,1.66,1.58,3.8,3.57,6,5.71,29,2.02,1.93,1.91,1.81,17,-1,2.14,2.06,1.83,1.79
E1,08/11/08,Barnsley,Sheffield United,1,2,A,0,1,A,A D'Urso,14,7,5,3,10,14,2,6,1,2,1,1,2.8,3.3,2.5,2.65,3.15,2.4,2.75,3.2,2.4,2.5,3.1,2.4,2.8,3.25,2.5,2.6,3.2,2.5,2.75,3.1,2.3,2.75,3.2,2.38,2.65,3.25,2.35,2.75,3.3,2.5,37,2.9,2.7,3.4,3.23,2.58,2.45,30,2.3,2.18,1.65,1.61,15,0,2.11,2.02,1.85,1.79
E1,08/11/08,Blackpool,Ipswich,0,1,A,0,1,A,C Webster,11,15,3,8,13,9,4,4,2,1,0,0,2.5,3.3,2.8,2.4,3.15,2.65,2.5,3.2,2.75,2.3,3.1,2.6,2.5,3.3,2.8,2.4,3.2,2.7,2.4,3.1,2.6,2.38,3.2,2.75,2.35,3.25,2.65,2.5,3.25,2.75,37,2.58,2.42,3.44,3.24,2.88,2.73,30,1.95,1.87,2.03,1.85,16,0,1.88,1.81,2.05,1.98
E1,08/11/08,Coventry,Crystal Palace,0,2,A,0,1,A,C Oliver,8,9,5,5,9,10,6,4,1,0,0,0,2.25,3.3,3.2,2.1,3.15,3.15,2.2,3.2,3.1,2.2,3.1,2.8,2.25,3.25,3.25,2.25,3.2,2.9,2.2,3.1,2.88,2.1,3.2,3.2,2.1,3.25,3.1,2.25,3.25,3.1,37,2.25,2.19,3.47,3.24,3.44,3.1,29,2.17,2.07,1.75,1.67,15,-0.25,1.95,1.91,2.03,1.97
E1,08/11/08,Norwich,Preston,2,2,D,1,1,D,P Taylor,10,13,5,9,10,16,8,6,2,0,1,0,2.2,3.25,3.25,2.15,3,3.2,2.2,3.1,3.25,2.1,3.1,3,2.1,3.25,3.6,2.2,3.2,3,2.1,3.2,3,2.1,3.2,3.2,2.2,3.25,2.9,2.25,3.25,3.2,36,2.25,2.14,3.4,3.22,3.74,3.22,29,2,1.91,1.91,1.82,14,-0.25,1.89,1.86,2.08,2.02
E1,08/11/08,Nott'm Forest,Birmingham,1,1,D,0,1,A,P Dowd,13,5,9,3,12,17,7,2,1,4,0,0,3.5,3.3,2.1,3.7,3.2,1.9,3.25,3.25,2.1,3.1,3.2,2,3.5,3.25,2.1,3.6,3.4,1.9,3.3,3.25,1.95,3.2,3.2,2.1,3.1,3.3,2.1,3.4,3.3,2.1,36,3.75,3.42,3.4,3.26,2.19,2.04,29,2.25,2.12,1.7,1.65,15,0.25,2.05,1.99,1.93,1.87
E1,08/11/08,Plymouth,Charlton,2,2,D,1,0,H,A Hall,6,11,4,4,16,6,5,6,2,3,0,0,1.91,3.4,4.2,1.9,3.2,3.7,1.91,3.25,3.85,1.9,3.2,3.4,1.8,3.5,4.5,1.85,3.25,4,1.91,3.25,3.4,1.83,3.25,4,1.9,3.25,3.5,1.91,3.3,4,36,2,1.89,3.52,3.3,4.5,3.88,29,2.23,2.1,1.71,1.66,14,-0.5,1.98,1.95,1.96,1.92
E1,08/11/08,QPR,Cardiff,1,0,H,0,0,D,L Probert,7,9,3,2,15,9,3,6,1,2,0,2,2.1,3.25,3.6,2,3.15,3.4,2,3.25,3.5,2,3.2,3.1,2.1,3.25,3.5,2,3.2,3.5,2.05,3.3,3,2,3.25,3.4,2,3.25,3.25,2.05,3.3,3.5,37,2.17,2.04,3.4,3.25,3.63,3.41,29,2.38,2.22,1.65,1.59,14,-0.25,1.84,1.82,2.1,2.06
E1,08/11/08,Reading,Derby,3,0,H,1,0,H,D Mattison,14,4,5,1,10,8,8,4,0,0,0,0,1.67,3.75,5,1.6,3.5,5,1.63,3.6,5,1.65,3.4,4.2,1.73,3.5,5,1.6,3.5,5.25,1.62,3.3,5,1.67,3.25,5,1.6,3.4,5,1.67,3.5,5.5,36,1.7,1.64,4,3.56,6,5.11,30,1.75,1.68,2.22,2.06,15,-1,2.09,2.02,1.88,1.83
E1,08/11/08,Sheffield Weds,Doncaster,1,0,H,1,0,H,L Mason,12,15,7,9,12,10,3,6,0,0,0,0,1.8,3.5,4.5,1.7,3.35,4.5,1.8,3.3,4.33,1.7,3.3,4,1.8,3.5,4.5,1.7,3.4,4.5,1.8,3.25,3.8,1.73,3.25,4.5,1.75,3.3,4.35,1.8,3.4,4.5,37,1.8,1.75,3.89,3.43,4.8,4.46,29,2.15,1.99,1.85,1.75,14,-0.75,2.1,2.04,1.88,1.84
E1,08/11/08,Southampton,Bristol City,0,1,A,0,0,D,A Penn,16,13,8,7,11,11,9,6,1,1,0,0,2.5,3.3,2.75,2.35,3.15,2.7,2.4,3.2,2.75,2.3,3.1,2.6,2.38,3.25,3,2.4,3.2,2.7,2.4,3.1,2.6,2.38,3.2,2.75,2.45,3.3,2.7,2.5,3.25,2.75,36,2.55,2.39,3.4,3.24,3,2.78,29,2.2,2.07,1.74,1.68,15,0,1.87,1.79,2.1,2.03
E1,08/11/08,Wolves,Burnley,2,0,H,1,0,H,D Deadman,16,2,6,2,12,12,8,5,0,6,0,1,1.8,3.5,4.5,1.8,3,4.5,1.8,3.3,4.25,1.75,3.3,3.8,1.8,3.5,4.5,1.75,3.4,4.2,1.73,3.25,4.2,1.83,3.25,4,1.8,3.25,4,1.8,3.4,4.5,37,1.87,1.78,3.61,3.37,4.75,4.34,31,1.73,1.67,2.2,2.07,14,-0.5,1.87,1.82,2.1,2.06
E1,09/11/08,Swansea,Watford,3,1,H,1,1,D,R Shoebridge,11,4,5,2,9,16,8,8,2,4,0,0,1.83,3.5,4.33,1.8,3.25,4,1.8,3.3,4.25,1.85,3.2,3.5,1.8,3.5,4.5,1.8,3.4,4,1.83,3.2,3.75,1.8,3.25,4.33,1.65,3.4,4.5,1.8,3.4,4.5,37,1.9,1.8,3.6,3.37,4.76,4.21,28,1.95,1.83,1.98,1.89,14,-0.5,1.86,1.83,2.08,2.04
E1,15/11/08,Barnsley,Watford,2,1,H,0,0,D,C Webster,14,13,9,6,11,9,4,6,0,0,0,0,2.25,3.25,3.2,2.1,3.15,3.15,2.2,3.25,3.1,2.1,3.1,3,1.91,3.25,3.4,2.2,3.2,3,2.15,3.2,2.9,2.1,3.2,3.2,2.3,3.2,3,2.2,3.25,3.2,38,2.4,2.22,3.4,3.22,3.4,3.08,30,1.93,1.86,2,1.86,16,0,1.73,1.62,2.37,2.23
E1,15/11/08,Birmingham,Charlton,3,2,H,1,2,A,K Hill,15,12,9,5,19,21,4,8,3,2,1,0,1.62,3.6,6,1.5,3.6,6,1.6,3.6,5.5,1.55,3.5,4.8,1.62,3.5,4.5,1.55,3.6,5.5,1.57,3.5,5,1.57,3.5,5.5,1.55,3.75,5.5,1.62,3.6,5.5,38,1.65,1.58,3.9,3.61,6.5,5.61,30,2.15,1.99,1.8,1.75,17,-1,2.2,2.14,1.77,1.72
E1,15/11/08,Bristol City,Nott'm Forest,2,2,D,1,1,D,G Horwood,12,9,8,6,14,9,7,6,0,0,0,0,1.8,3.4,4.75,1.7,3.35,4.5,1.75,3.4,4.5,1.65,3.3,4.4,1.73,3.4,4,1.75,3.4,4.2,1.73,3.25,4.2,1.73,3.4,4.33,1.8,3.3,4.5,1.8,3.3,4.5,38,1.89,1.77,3.5,3.36,4.95,4.47,30,2.26,2.08,1.75,1.67,15,0,1.33,1.31,3.49,3.25
E1,15/11/08,Cardiff,Crystal Palace,2,1,H,1,1,D,J Moss,7,9,4,5,9,16,6,6,1,0,0,1,2,3.3,3.8,1.85,3.25,3.8,2,3.25,3.6,1.9,3.2,3.4,2,3.2,3.2,2,3.25,3.4,1.91,3.2,3.5,1.91,3.25,3.75,2,3.3,3.5,2.1,3.25,3.3,38,2.1,1.99,3.4,3.27,4.03,3.58,29,2.2,2.09,1.75,1.67,15,-0.5,2.05,2.04,1.88,1.84
E1,15/11/08,Coventry,Plymouth,0,1,A,0,0,D,N Miller,9,10,4,5,4,13,12,6,3,2,0,0,2.1,3.3,3.5,2.1,3.15,3.15,2.15,3.25,3.2,2.2,3.1,2.8,2.2,3.2,2.8,2.1,3.2,3.2,2.1,3.2,3,2,3.25,3.4,2,3.2,3.75,2.1,3.3,3.4,38,2.2,2.1,3.48,3.26,3.8,3.29,28,2.23,2.08,1.75,1.68,15,0,1.57,1.53,2.5,2.35
E1,15/11/08,Derby,Sheffield Weds,3,0,H,1,0,H,K Stroud,14,15,9,3,16,16,8,4,1,1,0,0,2,3.3,3.8,1.75,3.3,4.25,1.95,3.25,3.75,1.9,3.2,3.4,1.83,3.2,3.75,1.9,3.25,3.75,1.91,3.2,3.5,1.83,3.25,4,2,3.2,3.75,1.91,3.4,4,38,2,1.91,3.54,3.3,4.4,3.87,29,2.04,1.93,1.9,1.79,15,-0.5,2,1.98,1.94,1.9
E1,15/11/08,Doncaster,Ipswich,1,0,H,1,0,H,K Friend,12,11,6,5,12,13,4,6,2,2,0,0,3.2,3.25,2.25,2.95,3.15,2.2,3.1,3.25,2.2,3,3.1,2.1,3,3.2,2.1,3,3.2,2.2,2.8,3.2,2.2,3,3.2,2.2,3,3.2,2.3,3.25,3.3,2.15,36,3.3,3.05,3.43,3.24,2.4,2.22,29,2.37,2.15,1.67,1.63,16,0,2.38,2.25,1.72,1.62
E1,15/11/08,Norwich,Swansea,2,3,A,1,1,D,G Hegley,13,14,6,11,11,11,5,11,0,1,0,0,2.4,3.3,2.88,2.25,3.15,2.9,2.3,3.25,2.9,2.3,3.1,2.6,2.25,3.2,2.75,2.3,3.2,2.8,2.2,3.2,2.8,2.25,3.25,2.88,2.35,3.25,2.8,2.38,3.25,2.88,37,2.4,2.31,3.45,3.25,3.3,2.89,29,2.02,1.91,1.93,1.82,15,0,1.73,1.7,2.19,2.09
E1,15/11/08,QPR,Burnley,1,2,A,1,1,D,A Woolmer,7,10,4,6,14,9,9,2,1,3,0,0,2,3.4,3.75,2.1,3.15,3.15,2.05,3.25,3.4,2,3.2,3.1,1.83,3.2,3.75,2,3.25,3.4,1.95,3.25,3.3,2,3.25,3.4,2,3.3,3.5,1.95,3.3,3.8,38,2.15,2.03,3.4,3.27,3.8,3.46,30,2.25,2.15,1.71,1.63,15,0,1.51,1.46,2.75,2.56
E1,15/11/08,Sheffield United,Reading,0,2,A,0,2,A,M Oliver,12,10,4,5,8,18,6,13,1,3,0,0,2.5,3.25,2.8,2.3,3.15,2.8,2.4,3.25,2.75,2.4,3.1,2.5,2.25,3.2,2.75,2.5,3.2,2.6,2.4,3.1,2.6,2.38,3.2,2.75,2.4,3.25,2.8,2.38,3.25,2.88,38,2.58,2.44,3.4,3.2,2.95,2.73,29,2,1.88,1.95,1.84,17,0,1.83,1.79,2.11,2
E1,15/11/08,Southampton,Wolves,1,2,A,1,2,A,L Mason,14,15,6,10,12,8,4,7,3,2,1,0,4,3.2,2,3.45,3,2.05,3.6,3.25,2,3.4,3.2,1.9,3.4,3.25,1.91,3.6,3.25,1.95,3.5,3.2,1.91,3.75,3.25,1.91,3.5,3.3,2,4,3.3,1.91,38,4.05,3.6,3.4,3.24,2.1,1.99,29,1.76,1.69,2.19,2.05,15,0,2.87,2.67,1.47,1.42
E1,16/11/08,Blackpool,Preston,1,3,A,1,0,H,M Dean,12,12,6,5,8,13,4,6,3,2,0,0,2.3,3.25,3.1,2.2,3.15,2.95,2.3,3.25,2.9,2.2,3.1,2.8,2.5,3.2,2.5,2.3,3.2,2.8,2.3,3,2.8,2.25,3.25,2.88,2.35,3.2,2.9,2.3,3.25,3,38,2.41,2.3,3.4,3.22,3.23,2.93,29,2.06,1.95,1.88,1.78,15,0,1.72,1.66,2.26,2.15
E1,21/11/08,Swansea,Birmingham,2,3,A,2,1,H,A Taylor,8,11,4,6,12,9,2,2,1,1,0,0,2.5,3.3,2.75,2.6,3.15,2.45,2.6,3.2,2.6,2.45,3.1,2.45,2.6,3.2,2.75,2.6,3.2,2.5,2.6,3.2,2.5,2.38,3.3,2.88,2.5,3.25,2.7,2.6,3.25,2.7,42,2.6,2.44,3.4,3.22,3.11,2.72,33,2.08,1.99,1.86,1.75,18,0,1.85,1.74,2.21,2.04
E1,22/11/08,Burnley,Doncaster,0,0,D,0,0,D,S Bennett,6,18,3,8,12,9,4,9,4,2,1,0,1.62,3.6,6,1.55,3.55,5.5,1.6,3.5,5.75,1.55,3.5,4.8,1.57,3.75,6,1.6,3.5,5.25,1.6,3.5,5.25,1.62,3.6,5.5,1.55,3.6,6,1.57,3.6,6,38,1.67,1.59,3.89,3.55,6.25,5.65,31,2.1,2,1.85,1.75,17,-1,2.21,2.12,1.8,1.73
E1,22/11/08,Charlton,Sheffield United,2,5,A,1,3,A,S Tanner,15,14,9,5,12,10,5,3,1,0,0,0,2.6,3.3,2.62,2.6,3.15,2.45,2.6,3.2,2.6,2.45,3.1,2.45,2.75,3.3,2.5,2.5,3.2,2.6,2.5,3.2,2.6,2.6,3.2,2.6,2.5,3.3,2.65,2.62,3.25,2.6,39,2.75,2.58,3.47,3.22,2.69,2.57,31,2.2,2.08,1.74,1.68,16,0,2,1.88,1.98,1.9
E1,22/11/08,Crystal Palace,Bristol City,4,2,H,2,1,H,G Hegley,12,6,8,5,11,12,4,3,0,1,0,0,2.1,3.3,3.5,2.2,3.15,2.95,2.2,3.25,3.1,2.1,3.1,3,2.1,3.3,3.5,2.1,3.2,3.2,2.1,3.2,3.2,2.1,3.2,3.4,2.1,3.2,3.4,2.2,3.25,3.25,39,2.21,2.12,3.4,3.26,3.64,3.23,30,2.26,2.11,1.7,1.65,15,0,1.57,1.52,2.5,2.38
E1,22/11/08,Ipswich,Derby,2,0,H,1,0,H,M Russell,12,8,8,5,9,12,3,4,1,2,0,0,2,3.3,3.75,2.05,3.15,3.25,2,3.25,3.6,2,3.2,3.1,2.1,3.3,3.5,2,3.25,3.4,2,3.25,3.4,2.1,3.25,3.4,1.9,3.4,3.8,2.1,3.25,3.5,39,2.1,2.01,3.52,3.28,3.86,3.52,31,2.01,1.91,1.92,1.81,15,-0.5,2.04,2.01,1.89,1.86
E1,22/11/08,Nott'm Forest,Norwich,1,2,A,1,1,D,M Oliver,18,5,10,3,6,12,9,6,1,1,0,1,2.1,3.4,3.4,2.2,3.15,2.95,2.2,3.25,3.1,2.2,3.1,2.8,2.2,3.3,3.3,2.2,3.2,3,2.2,3.2,3,2.2,3.3,3.3,2.1,3.3,3.3,2.2,3.25,3.25,37,2.25,2.17,3.51,3.24,3.55,3.14,31,2.15,2.02,1.82,1.72,14,0,1.62,1.57,2.38,2.28
E1,22/11/08,Plymouth,Cardiff,2,1,H,2,0,H,P Taylor,14,11,6,7,14,10,5,7,1,1,0,0,2.5,3.3,2.75,2.4,3.05,2.8,2.3,3.25,2.9,2.3,3.1,2.6,2.38,3.3,3,2.3,3.2,2.85,2.3,3.2,2.85,2.5,3.2,2.88,2.4,3.25,2.8,2.4,3.25,2.88,40,2.6,2.38,3.4,3.23,3,2.8,32,2.36,2.12,1.7,1.65,17,0,1.84,1.77,2.08,2
E1,22/11/08,Preston,Barnsley,2,1,H,1,1,D,A Hall,20,18,12,9,14,15,2,1,2,3,0,0,1.83,3.4,4.5,1.9,3.2,3.7,1.85,3.4,4,1.9,3.2,3.4,1.83,3.4,4.5,1.9,3.25,3.75,1.9,3.25,3.75,1.83,3.25,4.33,1.85,3.3,4.2,1.83,3.4,4.33,38,1.91,1.83,3.59,3.33,4.65,4.15,31,2.11,2,1.86,1.73,15,-0.5,1.83,1.82,2.12,2.06
E1,22/11/08,Reading,Southampton,1,2,A,0,1,A,L Probert,7,17,3,8,9,8,3,3,1,3,0,0,1.4,4.2,9,1.4,4,7,1.4,4,8,1.4,3.9,6,1.4,4.2,9,1.4,4,7.25,1.4,4,7.25,1.4,4,8.5,1.35,4.35,8.5,1.4,4.2,8.5,39,1.45,1.39,4.78,4.13,9.59,8.17,32,1.68,1.62,2.31,2.17,17,-1.25,1.89,1.83,2.07,2.03
E1,22/11/08,Sheffield Weds,Coventry,0,1,A,0,0,D,K Friend,17,4,6,3,6,12,15,3,1,3,0,0,2.1,3.25,3.6,1.9,3.2,3.7,2,3.25,3.6,1.9,3.2,3.4,2.1,3.3,3.5,2,3.25,3.4,2,3.25,3.4,2,3.25,3.75,2,3.3,3.6,2.05,3.3,3.6,39,2.17,2.04,3.4,3.26,3.75,3.45,30,2.21,2.1,1.73,1.66,15,-0.5,2.2,2.11,1.82,1.78
E1,22/11/08,Watford,QPR,3,0,H,3,0,H,A Penn,10,7,6,4,14,18,6,4,1,3,0,1,2.5,3.25,2.8,2.55,3.15,2.5,2.4,3.2,2.75,2.4,3.1,2.5,2.62,3.3,2.62,2.4,3.2,2.7,2.4,3.2,2.7,2.6,3.2,2.63,2.4,3.25,2.8,2.5,3.25,2.75,39,2.63,2.48,3.31,3.2,2.99,2.68,31,2.24,2.05,1.76,1.7,16,0,1.83,1.78,2.13,2
E1,22/11/08,Wolves,Blackpool,2,0,H,1,0,H,A D'Urso,21,9,11,3,15,14,7,6,1,2,0,0,1.5,3.75,7.5,1.55,3.4,6,1.5,3.6,7,1.5,3.7,5,1.5,3.75,7.5,1.45,3.75,7,1.45,3.75,7,1.5,3.6,7.5,1.5,3.6,7.5,1.5,3.6,7.5,39,1.55,1.5,4.05,3.67,7.87,6.88,32,1.75,1.68,2.2,2.06,17,-1,1.89,1.83,2.06,1.99
E1,24/11/08,Barnsley,Burnley,3,2,H,1,0,H,N Miller,12,13,7,8,10,11,5,6,1,3,0,0,2.63,3.3,2.63,2.3,3.15,2.8,2.6,3.2,2.7,2.4,3.1,2.5,2.5,3.3,2.75,2.5,3.2,2.6,2.62,3.3,2.62,2.5,3.2,2.6,2.6,3.25,2.6,2.4,3.25,2.75,39,2.68,2.54,3.4,3.22,2.88,2.66,30,2.16,2.03,1.8,1.73,19,0,1.9,1.85,2.04,1.94
E1,25/11/08,Birmingham,Ipswich,2,1,H,2,0,H,R Shoebridge,9,6,4,2,12,21,6,4,0,1,0,0,1.8,3.5,4.5,1.7,3.35,4.5,1.83,3.25,4.25,1.65,3.3,4.4,1.67,3.4,4.33,1.73,3.4,4.33,1.73,3.25,4.2,1.73,3.5,4.5,1.75,3.4,4.5,1.73,3.5,4.75,41,1.92,1.78,3.7,3.39,4.75,4.37,31,2,1.92,1.93,1.82,17,-0.5,1.92,1.88,2.02,1.98
E1,25/11/08,Blackpool,Sheffield Weds,0,2,A,0,0,D,C Boyeson,18,17,6,9,8,17,4,9,0,0,0,0,2.2,3.3,3.25,2.25,3.15,2.85,2.2,3.25,3.1,2.2,3.1,2.8,2.2,3.25,2.75,2.2,3.2,3,2.15,3.2,2.9,2.2,3.25,3.2,2.25,3.3,3,2.2,3.3,3.2,41,2.3,2.22,3.4,3.25,3.34,3.07,31,2.07,1.95,1.91,1.78,17,0,1.68,1.62,2.31,2.2
E1,25/11/08,Bristol City,Watford,1,1,D,0,0,D,N Swarbrick,12,13,4,10,17,17,5,7,1,2,0,0,1.95,3.3,4,1.8,3.25,4,2,3.25,3.6,1.9,3.2,3.4,1.91,3.25,3.4,1.9,3.25,3.75,1.91,3.25,3.4,1.91,3.4,3.75,1.9,3.25,4,1.95,3.3,3.8,41,2.05,1.94,3.4,3.29,4.24,3.77,31,1.9,1.81,2.05,1.92,17,-0.5,2,1.97,1.94,1.89
E1,25/11/08,Cardiff,Reading,2,2,D,2,1,H,P Walton,15,6,7,4,10,12,7,4,1,0,0,1,2.75,3.3,2.5,2.5,3.15,2.55,2.6,3.2,2.6,2.5,3.1,2.4,2.5,3.25,2.4,2.6,3.2,2.5,2.62,3.1,2.38,2.6,3.25,2.6,2.6,3.25,2.5,2.88,3.25,2.38,41,2.9,2.67,3.4,3.22,2.65,2.49,31,1.91,1.8,2.08,1.93,19,0,2.1,1.98,1.86,1.8
E1,25/11/08,Coventry,Swansea,1,1,D,0,0,D,M Haywood,22,13,14,5,14,7,7,3,2,0,0,0,2.38,3.25,3,2.25,3.05,2.95,2.3,3.25,2.9,2.2,3.1,2.8,2.38,3.2,2.6,2.25,3.25,2.85,2.25,3.25,2.7,2.25,3.25,3,2.3,3.4,2.8,2.25,3.3,3,41,2.4,2.31,3.47,3.25,3.15,2.9,31,2.09,2,1.84,1.75,18,0,1.74,1.68,2.2,2.12
E1,25/11/08,Derby,Preston,2,2,D,2,2,D,A Woolmer,14,12,8,3,9,7,3,12,1,0,0,0,2.25,3.25,3.25,2,3.25,3.3,2.1,3.25,3.4,2,3.2,3.1,2,3.2,3.2,2.1,3.2,3.2,2.1,3.2,3,2.1,3.25,3.3,2.2,3.2,3.2,2.1,3.3,3.5,41,2.35,2.16,3.4,3.24,3.6,3.2,31,1.91,1.83,2.07,1.91,18,0,1.67,1.57,2.38,2.3
E1,25/11/08,Doncaster,Nott'm Forest,0,0,D,0,0,D,A Penn,11,9,2,2,14,10,5,3,2,1,0,0,2.38,3.25,3,2.2,3.15,2.95,2.25,3.25,3,2.2,3.1,2.8,2.2,3.25,2.75,2.3,3.2,2.8,2.2,3.2,2.8,2.25,3.25,3,2.35,3.25,2.9,2.3,3.25,3,41,2.4,2.28,3.44,3.25,3.28,2.95,31,2.3,2.16,1.67,1.63,19,0,1.7,1.65,2.31,2.12
E1,25/11/08,Norwich,Crystal Palace,1,2,A,0,2,A,D Whitestone,9,8,5,5,3,16,6,0,0,2,0,0,2.38,3.25,3,2.25,3.15,2.85,2.3,3.25,2.9,2.2,3.1,2.8,2.25,3.2,2.75,2.3,3.2,2.8,2.25,3.2,2.75,2.38,3.25,2.8,2.25,3.25,3,2.38,3.25,2.88,40,2.4,2.31,3.5,3.25,3.08,2.89,31,1.98,1.88,1.93,1.85,17,0,1.76,1.69,2.19,2.11
E1,25/11/08,QPR,Charlton,2,1,H,1,1,D,K Stroud,10,10,5,5,22,17,4,4,3,1,0,0,1.85,3.4,3.8,1.8,3.3,4,1.83,3.4,4.25,1.75,3.3,3.8,1.8,3.3,3.75,1.8,3.25,4.2,1.8,3.25,3.8,1.8,3.25,4.5,1.75,3.5,4.35,1.83,3.4,4.33,39,2.05,1.87,3.5,3.32,4.33,4.02,29,2.05,1.92,1.91,1.82,14,-0.5,2.06,2.01,1.87,1.85
E1,25/11/08,Sheffield United,Wolves,1,3,A,0,1,A,G Laws,15,7,9,3,14,16,9,5,0,3,0,0,2.5,3.3,2.75,2.5,3.05,2.65,2.6,3.2,2.6,2.45,3.1,2.45,2.4,3.25,2.5,2.5,3.2,2.6,2.38,3.1,2.62,2.5,3.25,2.63,2.35,3.25,2.75,2.5,3.25,2.7,41,2.63,2.46,3.4,3.21,3.03,2.71,31,1.91,1.81,2.04,1.92,19,0,1.83,1.76,2.16,2.02
E1,25/11/08,Southampton,Plymouth,0,0,D,0,0,D,A D'Urso,19,13,10,3,7,11,16,7,0,1,0,0,2.3,3.4,3,2.15,3.15,3.05,2.3,3.25,2.9,2.3,3.1,2.6,2.38,3.2,2.6,2.3,3.2,2.8,2.3,3.2,2.62,2.5,3.2,2.75,2.35,3.25,2.75,2.38,3.25,2.88,41,2.56,2.32,3.42,3.26,3.1,2.87,31,2.03,1.97,1.88,1.77,19,0,1.81,1.7,2.15,2.07
E1,29/11/08,Burnley,Derby,3,0,H,3,0,H,S Tanner,11,12,7,3,10,15,7,4,1,3,0,0,1.95,3.3,4,1.9,3.2,3.65,1.95,3.3,3.75,1.9,3.2,3.4,1.91,3.25,3.4,1.9,3.25,3.75,1.91,3.2,3.5,2,3.25,3.75,1.91,3.4,3.75,2,3.3,3.75,40,2,1.92,3.56,3.31,4.2,3.79,30,2.03,1.95,1.89,1.79,16,-0.5,1.97,1.95,1.95,1.93
E1,29/11/08,Charlton,Southampton,0,0,D,0,0,D,S Mathieson,15,17,6,10,7,10,10,10,1,1,0,0,2.2,3.3,3.25,2.2,3.15,2.95,2.25,3.2,3.1,2.2,3.1,2.8,2.2,3.2,2.8,2.2,3.2,3,2.1,3.2,3,2.2,3.2,3.2,2.2,3.2,3.2,2.15,3.3,3.25,40,2.3,2.21,3.4,3.25,3.46,3.11,30,2.01,1.92,1.95,1.82,16,-0.25,1.94,1.89,2.03,1.99
E1,29/11/08,Crystal Palace,QPR,0,0,D,0,0,D,R Styles,7,7,5,1,6,10,4,4,1,2,0,0,2.05,3.3,3.6,2.05,3.1,3.3,2.05,3.3,3.4,2,3.2,3.1,2.1,3.2,3,2.1,3.2,3.2,2,3.2,3.2,2.1,3.2,3.5,2.1,3.25,3.4,2.1,3.3,3.4,40,2.1,2.03,3.4,3.27,4.1,3.49,29,2.17,2.04,1.77,1.71,16,-0.5,2.08,2.04,1.87,1.84
E1,29/11/08,Ipswich,Sheffield United,1,1,D,1,0,H,D Whitestone,18,11,9,4,16,11,5,8,2,0,0,0,2.38,3.3,2.9,2.35,3.15,2.7,2.3,3.3,2.9,2.2,3.1,2.8,2.25,3.2,2.75,2.3,3.2,2.8,2.2,3.2,2.8,2.38,3.2,2.88,2.35,3.3,2.8,2.3,3.3,3,40,2.44,2.33,3.4,3.26,3.12,2.88,30,2.11,1.97,1.83,1.77,16,0,1.75,1.69,2.2,2.12
E1,29/11/08,Nott'm Forest,Barnsley,1,0,H,1,0,H,P Crossley,8,14,4,8,8,12,8,10,2,0,0,0,2.38,3.3,2.9,2.25,3.15,2.85,2.35,3.3,2.85,2.3,3.1,2.6,2.25,3.2,2.75,2.3,3.2,2.8,2.15,3.2,2.9,2.38,3.25,2.88,2.4,3.3,2.75,2.38,3.25,2.88,39,2.41,2.33,3.4,3.25,3.1,2.89,29,2.23,2.05,1.78,1.7,16,0,1.73,1.7,2.31,2.13
E1,29/11/08,Plymouth,Blackpool,1,2,A,0,0,D,T Kettle,10,13,5,8,10,11,3,6,0,0,0,0,1.91,3.4,4,1.85,3.25,3.8,1.85,3.4,4,1.8,3.2,3.7,1.8,3.3,3.75,1.8,3.4,4,1.83,3.3,3.6,1.83,3.25,4.33,1.85,3.4,4,1.85,3.4,4,40,1.98,1.87,3.5,3.34,4.5,4.01,29,2.1,1.96,1.87,1.78,16,-0.5,1.98,1.95,1.95,1.93
E1,29/11/08,Preston,Bristol City,2,0,H,1,0,H,R Beeby,16,13,5,10,12,13,2,2,1,1,0,0,2,3.3,3.8,2.05,3.15,3.3,2,3.3,3.6,1.9,3.2,3.4,1.91,3.25,3.4,1.9,3.25,3.75,2.05,3.2,3.1,2,3.25,3.6,2.1,3.25,3.4,1.95,3.3,3.75,38,2.16,2.06,3.5,3.28,3.8,3.44,31,2.02,1.93,1.91,1.81,16,0,1.54,1.46,2.75,2.57
E1,29/11/08,Sheffield Weds,Norwich,3,2,H,0,1,A,A Bates,10,6,5,5,9,8,3,6,1,0,0,1,2.1,3.3,3.5,2.15,3.15,3.05,2.1,3.3,3.3,2,3.2,3.1,2.1,3.2,3,2.1,3.2,3.2,2.1,3.2,3,2,3.25,3.6,2.1,3.3,3.3,2,3.3,3.6,40,2.2,2.09,3.4,3.26,3.73,3.35,30,2.07,1.96,1.88,1.78,16,-0.25,1.88,1.85,2.06,2.03
E1,29/11/08,Watford,Doncaster,1,1,D,1,0,H,I Williamson,2,7,2,4,12,18,6,5,5,3,0,0,1.8,3.6,4.33,1.8,3.25,4,1.8,3.4,4.25,1.8,3.2,3.7,1.8,3.3,3.75,1.8,3.4,4,1.8,3.25,3.8,1.83,3.4,4.1,1.75,3.5,4.5,1.83,3.4,4.2,40,1.9,1.8,3.66,3.41,4.85,4.24,29,2.11,1.95,1.86,1.78,16,-0.5,1.9,1.84,2.07,2.04
E1,29/11/08,Wolves,Birmingham,1,1,D,0,0,D,P Taylor,12,11,9,7,16,15,7,4,2,4,0,0,2.3,3.1,3.2,2.3,3.05,2.85,2.3,3.1,3.1,2.1,3.1,3,2.1,3.2,3,2.3,3.1,2.9,2.25,3,2.88,2.25,3.25,3,2.3,3.2,3,2.15,3.25,3.3,40,2.4,2.25,3.3,3.18,3.57,3.08,31,1.88,1.76,2.15,1.98,17,0,1.65,1.6,2.4,2.26
E1,30/11/08,Swansea,Cardiff,2,2,D,1,1,D,M Atkinson,12,7,8,4,11,13,7,3,3,3,1,1,2.38,3.3,2.9,2.25,3.15,2.85,2.4,3.25,2.8,2.2,3.1,2.8,2.25,3.2,2.75,2.3,3.2,2.8,2.4,3.1,2.6,2.25,3.25,3,2.3,3.25,3,2.38,3.2,3,39,2.53,2.33,3.4,3.22,3.1,2.92,29,2.12,2,1.83,1.74,14,0,1.79,1.7,2.2,2.13
E1,01/12/08,Reading,Coventry,3,1,H,2,1,H,K Wright,8,5,5,3,9,5,2,4,1,1,0,0,1.53,3.8,6.5,1.55,3.55,5.5,1.55,3.75,5.75,1.5,3.7,5,1.53,3.5,5.5,1.5,3.75,6,1.5,3.4,6,1.53,3.6,6.5,1.5,3.6,6,1.57,3.6,6,37,1.57,1.52,4.26,3.73,7.45,6.32,29,1.75,1.72,2.17,2.03,15,-1,1.92,1.89,2.01,1.99
E1,06/12/08,Barnsley,Reading,0,1,A,0,0,D,C Oliver,11,7,6,5,19,7,3,7,2,1,0,1,3.4,3.4,2.1,3,3.2,2.15,3.25,3.25,2.1,3,3.1,2.1,3.3,3.3,2.2,3.2,3.2,2.1,3.3,3.25,1.95,3.4,3.4,2.1,3.4,3.4,2,3.25,3.25,2.2,41,3.69,3.33,3.53,3.29,2.2,2.08,34,1.8,1.71,2.14,2.04,15,0.5,1.83,1.79,2.14,2.11
E1,06/12/08,Birmingham,Watford,3,2,H,2,1,H,S Mathieson,14,7,8,7,8,12,8,4,1,0,0,0,1.57,3.6,6.5,1.55,3.55,5.5,1.55,3.6,6,1.5,3.7,5,1.57,3.75,6,1.55,3.6,5.5,1.53,3.5,5.5,1.62,3.4,6.5,1.55,3.6,6,1.57,3.6,6,41,1.64,1.56,3.85,3.62,7,5.92,34,1.99,1.89,1.95,1.84,17,-1,2.13,2.1,1.79,1.76
E1,06/12/08,Blackpool,Charlton,2,0,H,0,0,D,M Jones,15,12,10,9,9,12,13,4,1,0,0,0,2.25,3.25,3.25,2.2,3.2,2.9,2.2,3.25,3,2,3.2,3.1,2.25,3.3,3.2,2.2,3.2,3,2.1,3.2,3,2.25,3.25,3.2,2.25,3.2,3.1,2.2,3.3,3.2,41,2.3,2.19,3.4,3.24,3.49,3.14,34,2.04,1.95,1.88,1.79,16,-0.25,1.96,1.92,2,1.96
E1,06/12/08,Bristol City,Swansea,0,0,D,0,0,D,L Mason,19,16,11,10,19,8,3,7,3,3,0,0,2.38,3.25,3,2.3,3.2,2.75,2.25,3.2,3,2.2,3.1,2.8,2.38,3.25,3,2.3,3.2,2.8,2.1,3.2,3,2.3,3.25,3.1,2.35,3.2,2.9,2.3,3.25,3,41,2.4,2.32,3.4,3.22,3.25,2.93,33,2.08,1.96,1.85,1.78,16,0,1.75,1.68,2.23,2.13
E1,06/12/08,Cardiff,Preston,2,0,H,1,0,H,A D'Urso,12,4,5,3,5,17,2,1,0,2,0,0,2.1,3.4,3.4,2.1,3.2,3.1,2.1,3.25,3.25,2.1,3.1,3,2.1,3.4,3.4,2.1,3.2,3.2,1.91,3.2,3.5,2.1,3.25,3.5,2.1,3.3,3.25,2.15,3.3,3.3,41,2.15,2.07,3.57,3.28,3.7,3.36,34,1.95,1.84,2.01,1.89,16,-0.25,1.8,1.78,2.16,2.1
E1,06/12/08,Coventry,Nott'm Forest,2,2,D,2,1,H,N Swarbrick,11,17,7,8,11,10,8,10,2,0,0,0,2,3.3,3.75,1.85,3.3,3.75,1.9,3.4,3.75,1.8,3.2,3.7,2.1,3.25,3.6,1.85,3.25,4,1.95,3.25,3.3,1.91,3.4,4,2,3.3,3.6,2,3.3,3.75,40,2.12,1.95,3.5,3.29,4.05,3.72,34,2.32,2.14,1.7,1.64,16,-0.5,2.12,2.08,1.84,1.8
E1,06/12/08,Derby,Crystal Palace,1,2,A,1,1,D,M Oliver,7,12,3,7,10,11,8,6,1,1,0,0,2.4,3.25,3,2.3,3.2,2.75,2.35,3.25,2.8,2.3,3.1,2.6,2.38,3.25,3,2.3,3.2,2.8,2.5,3.1,2.5,2.38,3.25,3,2.4,3.25,2.8,2.38,3.25,2.88,41,2.45,2.33,3.4,3.25,3.14,2.88,34,2.25,2.09,1.75,1.67,17,0,1.74,1.7,2.21,2.11
E1,06/12/08,Doncaster,Plymouth,1,0,H,1,0,H,R Beeby,11,8,6,6,11,14,4,4,2,1,0,0,2.5,3.25,2.8,2.5,3.2,2.5,2.5,3.2,2.65,2.45,3.1,2.45,2.6,3.3,2.62,2.5,3.2,2.6,2.3,3.1,2.75,2.6,3.2,2.75,2.4,3.3,2.8,2.5,3.25,2.7,41,2.63,2.49,3.4,3.22,3.05,2.69,33,2.38,2.23,1.7,1.58,17,0,1.82,1.78,2.2,2.01
E1,06/12/08,QPR,Wolves,1,0,H,0,0,D,I Williamson,13,9,5,4,14,15,7,7,1,1,0,0,3,3.3,2.3,2.75,3.2,2.3,2.75,3.25,2.4,2.8,3.1,2.2,3,3.25,2.38,2.7,3.2,2.4,2.62,3.2,2.3,3,3.2,2.38,2.8,3.2,2.4,2.88,3.25,2.38,40,3.08,2.82,3.4,3.24,2.5,2.37,35,1.92,1.83,2,1.89,18,0,2.21,2.08,1.77,1.73
E1,06/12/08,Sheffield United,Burnley,2,3,A,1,2,A,A Taylor,10,10,5,5,11,11,10,4,2,2,0,0,2,3.4,3.75,1.9,3.25,3.6,1.95,3.35,3.6,1.9,3.2,3.4,2,3.4,3.75,1.95,3.2,3.6,1.91,3.2,3.5,2.1,3.25,3.5,1.9,3.4,3.8,1.95,3.3,3.75,41,2.06,1.96,3.54,3.31,4.05,3.67,33,2.06,1.95,1.88,1.79,16,-0.5,2.06,2.03,1.88,1.85
E1,06/12/08,Southampton,Sheffield Weds,1,1,D,1,0,H,G Hegley,13,12,9,6,7,11,5,6,0,1,0,0,2.3,3.3,3.1,2.3,3.2,2.75,2.25,3.2,3,2.3,3.1,2.6,2.4,3.3,2.88,2.25,3.2,2.9,2.2,3.2,2.8,2.25,3.25,3,2.25,3.25,3,2.3,3.25,3,41,2.4,2.26,3.4,3.25,3.29,2.99,34,2.2,2.09,1.78,1.67,17,0,1.68,1.63,2.32,2.21
E1,07/12/08,Norwich,Ipswich,2,0,H,0,0,D,L Probert,11,10,5,5,11,16,6,7,1,3,0,0,2.75,3.25,2.6,2.4,3.2,2.6,2.5,3.2,2.65,2.4,3.1,2.5,2.6,3.2,2.75,2.4,3.2,2.7,2.5,2.9,2.62,2.6,3.2,2.75,2.4,3.25,2.6,2.5,3.25,2.62,39,2.75,2.51,3.39,3.21,2.75,2.66,34,1.97,1.88,1.96,1.85,17,0,1.95,1.86,2,1.94
E1,08/12/08,Crystal Palace,Southampton,3,0,H,2,0,H,D Deadman,11,9,5,6,12,7,4,5,1,1,0,0,1.83,3.5,4.5,1.7,3.35,4.5,1.75,3.4,4.5,1.75,3.3,3.8,1.8,3.5,4.5,1.75,3.4,4.2,1.75,3.5,4.8,1.8,3.25,5,1.73,3.5,4.5,1.75,3.5,4.75,36,1.87,1.78,3.6,3.42,4.85,4.39,29,2.1,1.98,1.85,1.76,18,-0.5,1.88,1.83,2.08,2.02
E1,09/12/08,Burnley,Cardiff,2,2,D,1,1,D,C Webster,10,13,6,8,13,7,5,8,1,1,0,0,2.1,3.3,3.6,1.85,3.25,3.75,2,3.25,3.6,2,3.2,3.1,1.91,3.4,4,2,3.25,3.4,2.1,3.3,3.5,1.91,3.25,4,1.91,3.3,3.75,2,3.3,3.5,40,2.2,2.05,3.4,3.24,3.75,3.48,32,2,1.9,1.93,1.82,17,-0.25,1.89,1.86,2.03,2
E1,09/12/08,Charlton,Coventry,1,2,A,0,1,A,D Whitestone,8,7,4,3,10,12,1,9,3,2,0,0,2.2,3.25,3.25,2.1,3.2,3.1,2.3,3.25,2.9,2.3,3.1,2.6,2.38,3.3,2.9,2.25,3.2,2.9,2.2,3.3,3.3,2.38,3.25,2.8,2.25,3.3,3,2.3,3.25,2.88,40,2.38,2.25,3.4,3.25,3.25,3,32,2.06,1.99,1.85,1.75,18,0,1.68,1.64,2.27,2.19
E1,09/12/08,Nott'm Forest,Sheffield United,0,1,A,0,1,A,G Salisbury,8,4,3,3,12,19,6,4,0,1,0,0,2.8,3.3,2.5,2.7,3.15,2.35,2.75,3.25,2.4,2.6,3.1,2.3,2.62,3.3,2.6,2.7,3.2,2.4,2.62,3.3,2.62,2.75,3.2,2.5,2.75,3.3,2.4,2.75,3.25,2.38,39,2.88,2.72,3.4,3.23,2.6,2.45,32,2.23,2.07,1.75,1.69,17,0,2.05,1.98,1.9,1.82
E1,09/12/08,Plymouth,Birmingham,0,1,A,0,0,D,K Wright,14,5,7,2,13,9,11,3,1,0,0,0,3.25,3.3,2.2,2.8,3.15,2.3,2.9,3.25,2.3,3,3.1,2.1,3.1,3.3,2.3,3,3.2,2.2,3.2,3.3,2.25,3,3.25,2.25,3.1,3.3,2.2,3.1,3.25,2.2,40,3.35,3.07,3.4,3.25,2.3,2.22,32,2.15,2,1.8,1.74,18,0,2.31,2.23,1.65,1.6
E1,09/12/08,Preston,Doncaster,1,0,H,0,0,D,G Laws,10,10,6,4,14,7,5,1,1,0,0,0,1.73,3.5,5,1.65,3.4,4.7,1.75,3.4,4.5,1.75,3.2,4,1.73,3.5,5,1.65,3.4,5,1.83,3.4,4.5,1.73,3.25,5,1.65,3.7,4.8,1.67,3.5,5,39,1.8,1.71,3.7,3.45,5.1,4.74,32,2.15,2.06,1.79,1.69,17,-0.75,2.01,1.98,1.93,1.89
E1,09/12/08,Reading,Blackpool,1,0,H,1,0,H,J Singh,6,6,4,4,14,22,12,5,1,2,0,1,1.5,3.8,7.5,1.5,3.75,6,1.5,3.75,6.5,1.45,3.8,5.4,1.5,4,7,1.5,3.75,6,1.44,4,8,1.5,3.5,7.5,1.5,3.75,6.5,1.5,3.75,6.5,40,1.51,1.48,4.06,3.77,8.55,7.01,33,1.73,1.66,2.26,2.11,19,-1.25,2.03,2,1.9,1.85
E1,09/12/08,Sheffield Weds,QPR,1,0,H,0,0,D,N Miller,6,9,5,6,5,7,5,5,1,0,0,0,2.38,3.3,3,2.1,3.2,3.1,2.4,3.25,2.75,2.2,3.1,2.8,2.4,3.3,2.88,2.4,3.2,2.7,2.38,3.25,3,2.38,3.2,2.88,2.3,3.3,2.9,2.38,3.25,2.75,40,2.5,2.34,3.4,3.24,3.1,2.87,33,2.23,2.1,1.73,1.67,18,0,1.76,1.71,2.19,2.08
E1,09/12/08,Swansea,Barnsley,2,2,D,0,0,D,G Horwood,18,6,11,3,8,14,10,3,3,1,0,0,1.8,3.5,4.5,1.8,3.1,4.2,1.75,3.4,4.5,1.7,3.2,4.2,1.8,3.5,4.5,1.7,3.4,4.5,1.75,3.5,4.8,1.73,3.25,5,1.8,3.3,4.5,1.83,3.4,4,40,1.83,1.75,3.55,3.4,5.1,4.54,32,1.95,1.87,1.95,1.86,17,-0.5,1.74,1.71,2.23,2.17
E1,09/12/08,Wolves,Derby,3,0,H,2,0,H,G Hegley,5,9,3,5,5,11,1,4,0,0,0,0,1.57,3.6,6.5,1.55,3.55,5.45,1.6,3.6,5.5,1.5,3.7,5,1.57,3.75,6,1.55,3.6,5.5,1.53,3.8,6.5,1.62,3.5,5.5,1.53,3.8,6,1.62,3.5,5.5,40,1.65,1.55,3.93,3.65,6.75,5.95,32,1.76,1.68,2.2,2.08,18,-1,2,1.95,1.94,1.87
E1,10/12/08,Ipswich,Bristol City,3,1,H,0,1,A,P Taylor,24,6,17,4,7,12,9,5,3,2,1,0,1.83,3.5,4.2,1.9,3.2,3.65,1.87,3.3,4,1.85,3.2,3.5,1.91,3.4,4,1.9,3.25,3.75,1.85,3.4,4.33,1.91,3.25,4,1.9,3.3,4,1.83,3.4,4,39,1.91,1.85,3.5,3.32,4.4,4.02,30,2.16,2.05,1.76,1.7,15,-0.5,1.9,1.88,2.04,1.99
E1,10/12/08,Watford,Norwich,2,1,H,1,0,H,P Crossley,6,12,4,6,14,11,6,13,1,2,0,0,2.1,3.4,3.4,2.2,3.15,2.95,2.1,3.25,3.3,2.1,3.1,3,2.2,3.3,3.3,2.1,3.2,3.2,2.1,3.3,3.5,2.25,3.2,3.1,2.1,3.25,3.3,2.2,3.3,3.1,39,2.2,2.12,3.4,3.25,3.5,3.24,31,1.93,1.84,1.98,1.87,15,0,1.57,1.53,2.38,2.34
E1,13/12/08,Burnley,Southampton,3,2,H,3,0,H,P Dowd,20,11,10,7,8,14,9,10,2,3,0,0,1.73,3.5,5,1.75,3.35,4.15,1.73,3.4,4.6,1.65,3.3,4.4,1.62,3.5,4.5,1.7,3.4,4.5,1.62,3.5,4.5,1.62,3.5,5,1.65,3.6,5,1.67,3.5,5.5,36,1.75,1.67,3.97,3.53,5.5,4.94,29,1.93,1.86,2,1.88,15,-0.75,1.98,1.91,2.01,1.95
E1,13/12/08,Crystal Palace,Doncaster,2,1,H,1,1,D,A Hall,9,3,6,1,10,14,3,1,0,2,0,1,1.67,3.6,5.5,1.6,3.45,5.15,1.67,3.5,4.8,1.55,3.5,4.8,1.62,3.75,5.5,1.6,3.5,5.25,1.67,3.4,4.33,1.62,3.5,5,1.65,3.6,5,1.62,3.5,6,36,1.67,1.62,3.9,3.55,6.59,5.48,29,2.32,2.11,1.75,1.66,17,-0.75,1.84,1.81,2.1,2.05
E1,13/12/08,Ipswich,Cardiff,1,2,A,1,2,A,A Woolmer,9,11,5,6,19,7,6,5,3,0,1,0,2.2,3.3,3.25,2.25,3.15,2.85,2.2,3.2,3.1,2.2,3.1,2.8,2.1,3.4,3.4,2.2,3.2,3,2.2,3.2,2.8,2.2,3.25,3,2.1,3.4,3.2,2.2,3.25,3.25,36,2.25,2.17,3.44,3.25,3.71,3.18,29,2.07,1.97,1.87,1.78,16,-0.25,1.9,1.87,2.04,2
E1,13/12/08,Nott'm Forest,Blackpool,0,0,D,0,0,D,P Miller,15,9,5,2,11,17,16,8,1,4,0,0,2.3,3.25,3.1,2.25,3.15,2.85,2.3,3.2,2.9,2.3,3.1,2.6,2.3,3.3,3,2.25,3.2,2.9,2,3.2,3.2,2.38,3.2,2.75,2.3,3.25,3,2.3,3.25,3,35,2.3,2.21,3.32,3.2,3.63,3.13,29,2.23,2.1,1.95,1.68,17,-0.25,1.93,1.87,2.01,1.98
E1,13/12/08,Plymouth,QPR,1,1,D,0,1,A,K Friend,19,9,8,4,12,13,7,2,1,2,0,0,2.5,3.3,2.75,2.5,3.15,2.55,2.5,3.25,2.6,2.3,3.1,2.6,2.4,3.3,2.88,2.4,3.2,2.7,2.4,3.1,2.6,2.38,3.2,2.75,2.4,3.3,2.75,2.5,3.25,2.8,35,2.5,2.4,3.49,3.25,3.11,2.8,29,2.3,2.14,1.73,1.65,18,0,1.8,1.72,2.24,2.1
E1,13/12/08,Preston,Birmingham,1,0,H,0,0,D,C Oliver,13,11,7,8,14,11,5,3,0,3,0,0,2.75,3.2,2.6,2.65,3.15,2.4,2.6,3.25,2.5,2.6,3.1,2.3,2.88,3.3,2.4,2.6,3.2,2.5,2.5,3.1,2.5,2.6,3.2,2.5,2.7,3.25,2.5,2.88,3.25,2.4,35,2.88,2.72,3.3,3.19,2.74,2.49,31,2.12,1.98,1.8,1.75,18,0,2.05,1.96,1.95,1.85
E1,13/12/08,Reading,Norwich,2,0,H,0,0,D,T Kettle,12,7,1,3,11,13,8,2,1,1,0,0,1.5,4,7,1.4,4,7,1.5,3.75,6.5,1.4,3.9,6,1.5,3.75,7.5,1.5,3.75,6,1.44,3.75,6,1.5,3.5,6.5,1.45,3.8,7.5,1.44,3.8,7.5,36,1.5,1.45,4.65,3.96,8.21,7.09,30,1.75,1.68,2.26,2.07,19,-1.25,1.96,1.94,1.97,1.9
E1,13/12/08,Sheffield Weds,Bristol City,0,0,D,0,0,D,R Shoebridge,15,10,7,5,13,11,7,5,0,0,0,0,2.2,3.3,3.25,2.15,3.15,3.05,2.2,3.2,3.1,2,3.1,3.2,2.1,3.4,3.4,2.1,3.2,3.2,2.1,3.2,3,2.25,3.25,2.88,2.1,3.3,3.25,2,3.3,3.75,36,2.25,2.13,3.45,3.23,3.75,3.28,30,2.14,2.04,1.76,1.71,17,-0.25,1.93,1.88,2,1.97
E1,13/12/08,Swansea,Sheffield United,1,1,D,0,0,D,A Marriner,13,2,5,1,8,8,7,2,0,1,0,1,2.38,3.25,3,2.3,3.15,2.8,2.3,3.2,2.9,2.3,3.1,2.6,2.38,3.25,3,2.3,3.2,2.8,2.2,3.2,2.8,2.25,3.25,2.88,2.3,3.25,2.9,2.5,3.25,2.7,36,2.57,2.35,3.38,3.23,3,2.86,29,1.96,1.88,2,1.86,18,-0.25,2.19,2.1,1.8,1.77
E1,13/12/08,Watford,Coventry,2,1,H,0,0,D,J Moss,7,5,7,3,6,3,6,9,1,0,0,0,2.2,3.3,3.25,2.1,3.15,3.15,2.2,3.2,3.1,2.2,3.1,2.8,2.25,3.4,3.1,2.2,3.2,3,2.05,3.2,3.1,2.25,3.25,2.88,2.1,3.3,3.3,2.2,3.25,3.25,36,2.25,2.16,3.49,3.27,3.49,3.18,30,1.88,1.8,2.1,1.94,16,-0.25,1.93,1.89,2,1.97
E1,13/12/08,Wolves,Barnsley,2,0,H,1,0,H,G Salisbury,14,14,9,6,9,11,5,4,0,2,0,0,1.44,4.2,7.5,1.45,3.75,6.5,1.45,3.75,7.25,1.4,3.9,6,1.5,3.75,7.5,1.44,3.75,7,1.44,3.75,6,1.5,3.5,6.5,1.45,4,7,1.44,3.8,8,36,1.5,1.44,4.71,3.99,8.69,7.26,30,1.73,1.67,2.24,2.09,18,-1.25,2,1.93,1.99,1.92
E1,15/12/08,Charlton,Derby,2,2,D,1,0,H,A D'Urso,10,9,7,6,8,16,2,4,0,2,0,0,2.4,3.3,2.88,2.3,3.15,2.8,2.4,3.2,2.8,2.4,3.1,2.5,2.4,3.3,2.88,2.3,3.2,2.8,2.25,3.2,2.75,2.38,3.2,2.75,2.3,3.25,2.7,2.38,3.25,2.88,31,2.45,2.35,3.4,3.25,3.17,2.84,26,2.05,1.96,1.89,1.79,14,0,1.73,1.7,2.22,2.13
E1,20/12/08,Barnsley,Plymouth,2,0,H,1,0,H,D Whitestone,17,6,7,5,14,12,5,6,3,1,0,1,2.3,3.3,3.1,2.2,3.15,2.95,2.25,3.25,2.9,2.2,3.1,2.8,2.3,3.2,3.2,2.25,3.2,2.9,2.2,3.2,2.8,2.25,3.25,2.88,2.3,3.3,2.9,2.3,3.25,3.1,39,2.35,2.24,3.4,3.24,3.3,3.06,30,2.23,2.1,1.72,1.67,16,0,1.72,1.64,2.26,2.21
E1,20/12/08,Birmingham,Reading,1,3,A,0,1,A,M Dean,13,5,9,4,16,15,4,4,1,2,0,0,2.37,3.25,3,2.25,3.15,2.85,2.25,3.25,2.9,2.2,3.1,2.8,2.4,3.3,2.88,2.3,3.2,2.8,2.25,3.2,2.75,2.38,3.25,3,2.4,3.3,2.75,2.38,3.25,3,39,2.44,2.32,3.4,3.22,3.16,2.9,32,1.95,1.86,1.95,1.87,18,0,1.74,1.69,2.23,2.13
E1,20/12/08,Blackpool,Swansea,1,1,D,0,0,D,D Deadman,14,20,6,13,13,8,8,7,1,1,0,0,2.5,3.3,2.75,2.35,3.15,2.7,2.45,3.2,2.75,2.3,3.1,2.6,2.62,3.3,2.62,2.4,3.2,2.7,2.4,3.1,2.6,2.38,3.2,2.75,2.5,3.25,2.7,2.38,3.25,2.88,39,2.63,2.43,3.48,3.25,2.88,2.74,30,2.12,2.01,1.82,1.74,17,0,1.89,1.8,2.1,2
E1,20/12/08,Bristol City,Burnley,1,2,A,0,0,D,R Booth,11,16,4,8,9,14,7,5,0,0,0,0,2.6,3.3,2.62,2.5,3.15,2.55,2.5,3.25,2.6,2.4,3.1,2.5,2.62,3.3,2.62,2.5,3.2,2.6,2.4,3.1,2.6,2.5,3.2,2.6,2.6,3.2,2.6,2.6,3.25,2.62,39,2.68,2.52,3.4,3.23,2.8,2.65,31,2,1.91,1.92,1.82,17,0,1.93,1.85,2,1.95
E1,20/12/08,Cardiff,Sheffield Weds,2,0,H,0,0,D,K Friend,11,3,6,1,8,14,10,0,0,1,0,0,1.8,3.5,4.5,1.85,3.25,3.75,1.8,3.3,4.33,1.8,3.2,3.7,1.83,3.5,4.33,1.75,3.4,4.2,1.67,3.4,4.33,1.73,3.4,4.33,1.75,3.4,4.5,1.8,3.4,4.5,39,1.85,1.78,3.73,3.4,5,4.41,31,2,1.91,1.91,1.83,16,-0.5,1.81,1.77,2.15,2.13
E1,20/12/08,Coventry,Ipswich,2,2,D,1,1,D,R Styles,14,21,7,14,4,10,4,5,0,2,0,0,2.4,3.4,2.87,2.25,3.15,2.85,2.25,3.25,2.9,2.2,3.1,2.8,2.38,3.25,3,2.3,3.2,2.8,2.4,3.1,2.6,2.25,3.25,2.88,2.3,3.3,2.9,2.38,3.25,2.88,39,2.52,2.32,3.4,3.25,3.1,2.89,30,2.08,1.97,1.85,1.78,17,0,1.82,1.74,2.14,2.07
E1,20/12/08,Derby,Watford,1,0,H,0,0,D,C Boyeson,15,11,7,5,18,13,10,6,0,0,0,0,2.2,3.3,3.25,2.05,3.15,3.25,2.1,3.25,3.3,2.1,3.1,3,2.25,3.25,3.25,2.1,3.2,3.2,2.1,3.2,3,2.1,3.2,3.2,2,3.3,3.5,2.25,3.3,3.1,39,2.25,2.12,3.4,3.25,3.75,3.26,31,1.88,1.81,2.08,1.92,16,-0.25,1.94,1.9,2.04,1.98
E1,20/12/08,Doncaster,Wolves,0,1,A,0,0,D,K Wright,8,9,2,2,12,14,5,4,0,2,0,0,4.5,3.5,1.8,4,3.25,1.8,4,3.3,1.85,3.7,3.2,1.8,4.5,3.5,1.8,4,3.4,1.8,4.33,3.3,1.7,4,3.4,1.8,4,3.5,1.8,4.5,3.4,1.8,39,4.65,4.24,3.63,3.37,1.9,1.81,31,2.1,1.94,1.9,1.8,16,0.5,2.07,2.04,1.87,1.84
E1,20/12/08,Norwich,Charlton,1,0,H,0,0,D,M Haywood,10,6,3,3,8,9,10,4,1,2,0,0,2,3.4,3.75,2.05,3.15,3.25,2,3.25,3.5,1.9,3.2,3.4,1.91,3.4,4,1.9,3.25,3.75,1.91,3.2,3.5,2,3.25,3.4,2,3.4,3.5,2.1,3.3,3.4,38,2.1,2.02,3.55,3.3,4.03,3.51,31,1.95,1.86,2,1.87,16,-0.5,2.05,2.02,1.92,1.86
E1,20/12/08,QPR,Preston,3,2,H,2,1,H,A Wiley,9,6,7,2,12,10,9,3,1,1,0,0,2.1,3.3,3.5,1.8,3.2,3.65,2,3.25,3.5,2.1,3.1,3,2.1,3.25,3.6,2,3.25,3.4,2,3.2,3.2,2,3.25,3.4,2.1,3.25,3.4,2.15,3.3,3.3,39,2.16,2.02,3.4,3.27,3.85,3.54,31,2.26,2.11,1.75,1.67,16,-0.25,1.87,1.82,2.1,2.05
E1,20/12/08,Sheffield United,Crystal Palace,2,2,D,1,0,H,P Taylor,9,9,5,6,7,13,7,5,3,3,0,0,2.1,3.3,3.5,2.15,3.1,3.1,2.1,3.25,3.3,2.2,3.1,2.8